1,242,921,70,82,69,1,-1,-1,-1
2,242,922,70,82,69,1,-1,-1,-1
3,242,922,70,82,69,1,-1,-1,-1
4,242,923,71,82,69,1,-1,-1,-1
5,242,924,71,82,69,1,-1,-1,-1
6,242,924,71,81,70,1,-1,-1,-1
7,242,925,71,81,70,1,-1,-1,-1
8,242,926,72,81,70,1,-1,-1,-1
9,242,926,72,81,70,1,-1,-1,-1
10,242,927,72,81,70,1,-1,-1,-1
11,242,928,73,81,70,1,-1,-1,-1
12,242,928,73,81,70,1,-1,-1,-1
13,242,929,74,82,71,1,-1,-1,-1
14,242,930,75,82,71,1,-1,-1,-1
15,242,930,75,82,71,1,-1,-1,-1
16,242,931,76,82,71,1,-1,-1,-1
17,242,932,77,83,72,1,-1,-1,-1
18,242,932,77,83,72,1,-1,-1,-1
19,242,933,78,83,72,1,-1,-1,-1
20,242,933,78,83,72,1,-1,-1,-1
21,242,934,79,83,72,1,-1,-1,-1
22,242,935,80,84,73,1,-1,-1,-1
23,242,935,80,84,73,1,-1,-1,-1
24,242,936,81,84,73,1,-1,-1,-1
25,242,936,82,85,72,1,-1,-1,-1
26,242,937,84,85,71,1,-1,-1,-1
27,242,937,85,86,71,1,-1,-1,-1
28,242,938,87,86,70,1,-1,-1,-1
29,242,938,88,87,69,1,-1,-1,-1
30,242,939,88,86,69,1,-1,-1,-1
31,242,940,88,85,70,1,-1,-1,-1
32,242,941,88,84,70,1,-1,-1,-1
33,242,942,88,83,71,1,-1,-1,-1
34,242,943,88,82,71,1,-1,-1,-1
35,242,943,88,82,71,1,-1,-1,-1
36,242,943,89,83,72,1,-1,-1,-1
37,242,944,89,83,72,1,-1,-1,-1
38,242,944,89,84,72,1,-1,-1,-1
39,242,944,89,84,73,1,-1,-1,-1
40,242,944,90,84,73,1,-1,-1,-1
41,242,944,90,85,73,1,-1,-1,-1
42,242,945,90,85,74,1,-1,-1,-1
43,242,945,90,85,74,1,-1,-1,-1
44,242,945,91,86,74,1,-1,-1,-1
45,242,945,91,86,74,1,-1,-1,-1
46,242,945,91,87,75,1,-1,-1,-1
47,242,945,91,87,75,1,-1,-1,-1
48,242,946,92,87,75,1,-1,-1,-1
49,242,946,92,88,76,1,-1,-1,-1
50,242,946,92,88,76,1,-1,-1,-1
51,242,946,93,88,76,1,-1,-1,-1
52,242,947,94,89,76,1,-1,-1,-1
53,242,947,94,89,77,1,-1,-1,-1
54,242,948,95,90,77,1,-1,-1,-1
55,242,948,96,90,77,1,-1,-1,-1
56,242,949,97,90,77,1,-1,-1,-1
57,242,949,98,91,77,1,-1,-1,-1
58,242,950,99,91,77,1,-1,-1,-1
59,242,950,99,92,78,1,-1,-1,-1
60,242,951,100,92,78,1,-1,-1,-1
61,242,951,101,93,78,1,-1,-1,-1
62,242,952,102,93,78,1,-1,-1,-1
63,242,952,103,93,78,1,-1,-1,-1
64,242,953,104,94,78,1,-1,-1,-1
65,242,953,104,94,79,1,-1,-1,-1
66,242,954,105,95,79,1,-1,-1,-1
67,242,954,106,95,79,1,-1,-1,-1
68,242,954,107,96,79,1,-1,-1,-1
69,242,953,108,96,80,1,-1,-1,-1
70,242,953,109,97,80,1,-1,-1,-1
71,242,953,110,97,80,1,-1,-1,-1
72,242,953,111,98,81,1,-1,-1,-1
73,242,952,112,98,81,1,-1,-1,-1
74,242,952,113,99,82,1,-1,-1,-1
75,242,952,114,100,82,1,-1,-1,-1
76,242,951,115,100,82,1,-1,-1,-1
77,242,951,116,101,83,1,-1,-1,-1
78,242,951,117,101,83,1,-1,-1,-1
79,242,951,118,102,83,1,-1,-1,-1
80,242,950,119,102,84,1,-1,-1,-1
81,242,950,120,103,84,1,-1,-1,-1
82,242,948,120,105,86,1,-1,-1,-1
83,242,947,121,107,88,1,-1,-1,-1
84,242,945,121,108,90,1,-1,-1,-1
85,242,944,121,110,92,1,-1,-1,-1
86,242,942,121,112,94,1,-1,-1,-1
87,242,941,122,114,95,1,-1,-1,-1
88,242,939,122,116,97,1,-1,-1,-1
89,242,938,122,118,99,1,-1,-1,-1
90,242,936,122,119,101,1,-1,-1,-1
91,242,935,123,121,103,1,-1,-1,-1
92,242,933,123,123,105,1,-1,-1,-1
93,242,932,124,123,107,1,-1,-1,-1
94,242,932,125,123,108,1,-1,-1,-1
95,242,932,127,123,108,1,-1,-1,-1
96,242,931,128,123,110,1,-1,-1,-1
97,242,931,129,123,110,1,-1,-1,-1
98,242,931,131,124,110,1,-1,-1,-1
99,242,931,133,124,110,1,-1,-1,-1
100,242,930,135,127,109,1,-1,-1,-1
101,242,927,138,132,110,1,-1,-1,-1
102,242,928,141,131,109,1,-1,-1,-1
103,242,927,143,130,111,1,-1,-1,-1
104,242,927,146,130,111,1,-1,-1,-1
105,242,927,147,129,113,1,-1,-1,-1
106,242,927,148,129,112,1,-1,-1,-1
107,242,925,146,131,116,1,-1,-1,-1
108,242,923,149,133,122,1,-1,-1,-1
109,242,921,149,134,123,1,-1,-1,-1
110,242,918,153,138,122,1,-1,-1,-1
111,242,916,153,140,124,1,-1,-1,-1
112,242,914,156,142,123,1,-1,-1,-1
113,242,912,158,143,123,1,-1,-1,-1
114,242,911,162,142,120,1,-1,-1,-1
115,242,909,165,143,118,1,-1,-1,-1
116,242,905,168,144,118,1,-1,-1,-1
117,242,903,170,146,118,1,-1,-1,-1
118,242,901,172,149,118,1,-1,-1,-1
119,242,899,174,149,120,1,-1,-1,-1
120,242,897,177,149,118,1,-1,-1,-1
121,242,896,180,147,117,1,-1,-1,-1
122,242,895,181,146,113,1,-1,-1,-1
123,242,893,190,145,118,1,-1,-1,-1
124,242,891,193,147,117,1,-1,-1,-1
125,242,890,194,151,117,1,-1,-1,-1
126,242,888,196,155,118,1,-1,-1,-1
127,242,886,197,158,121,1,-1,-1,-1
128,242,883,198,163,122,1,-1,-1,-1
129,242,882,201,164,123,1,-1,-1,-1
130,242,880,203,166,128,1,-1,-1,-1
131,242,879,205,167,131,1,-1,-1,-1
132,242,878,208,168,132,1,-1,-1,-1
133,242,878,210,171,131,1,-1,-1,-1
134,242,873,221,179,133,1,-1,-1,-1
135,242,872,221,180,138,1,-1,-1,-1
136,242,873,222,178,141,1,-1,-1,-1
137,242,867,222,180,146,1,-1,-1,-1
138,242,866,228,184,145,1,-1,-1,-1
139,242,864,232,186,147,1,-1,-1,-1
140,242,863,235,186,151,1,-1,-1,-1
141,242,864,238,184,150,1,-1,-1,-1
142,242,861,245,188,156,1,-1,-1,-1
143,242,861,249,188,155,1,-1,-1,-1
144,242,859,253,189,155,1,-1,-1,-1
145,242,857,257,191,160,1,-1,-1,-1
146,242,854,262,195,163,1,-1,-1,-1
147,242,852,265,199,166,1,-1,-1,-1
148,242,850,282,202,158,1,-1,-1,-1
149,242,850,283,201,163,1,-1,-1,-1
150,242,848,286,201,166,1,-1,-1,-1
151,242,847,290,204,173,1,-1,-1,-1
152,242,841,295,211,175,1,-1,-1,-1
153,242,839,311,213,169,1,-1,-1,-1
154,242,837,314,215,174,1,-1,-1,-1
155,242,831,320,220,176,1,-1,-1,-1
156,242,824,326,229,178,1,-1,-1,-1
157,242,817,333,234,185,1,-1,-1,-1
158,242,810,339,239,191,1,-1,-1,-1
159,242,804,346,244,198,1,-1,-1,-1
160,242,797,352,249,204,1,-1,-1,-1
161,242,790,359,254,211,1,-1,-1,-1
162,242,783,365,259,217,1,-1,-1,-1
163,242,775,375,261,217,1,-1,-1,-1
164,242,767,384,267,218,1,-1,-1,-1
165,242,760,393,273,221,1,-1,-1,-1
166,242,755,398,275,229,1,-1,-1,-1
167,242,737,404,284,237,1,-1,-1,-1
168,242,728,408,292,243,1,-1,-1,-1
169,242,718,434,298,237,1,-1,-1,-1
170,242,705,444,308,239,1,-1,-1,-1
171,242,690,456,319,240,1,-1,-1,-1
172,242,676,468,327,243,1,-1,-1,-1
173,242,662,474,334,254,1,-1,-1,-1
174,242,651,490,343,262,1,-1,-1,-1
175,242,631,497,343,262,1,-1,-1,-1
176,242,617,507,352,267,1,-1,-1,-1
177,242,600,520,361,276,1,-1,-1,-1
178,242,579,526,373,293,1,-1,-1,-1
179,242,563,544,377,309,1,-1,-1,-1
180,242,537,561,377,310,1,-1,-1,-1
181,242,515,575,389,321,1,-1,-1,-1
182,242,490,609,399,323,1,-1,-1,-1
183,242,478,621,398,322,1,-1,-1,-1
184,242,419,643,433,327,1,-1,-1,-1
185,242,385,663,437,339,1,-1,-1,-1
186,242,350,683,440,351,1,-1,-1,-1
187,242,316,703,444,363,1,-1,-1,-1
188,242,264,726,468,354,1,-1,-1,-1
189,242,208,749,490,331,1,-1,-1,-1
285,245,864,0,83,57,1,-1,-1,-1
286,245,865,0,83,58,1,-1,-1,-1
287,245,867,0,83,60,1,-1,-1,-1
288,245,868,0,82,61,1,-1,-1,-1
289,245,869,0,82,63,1,-1,-1,-1
290,245,870,0,82,64,1,-1,-1,-1
291,245,872,0,82,65,1,-1,-1,-1
292,245,873,0,81,67,1,-1,-1,-1
293,245,874,0,81,68,1,-1,-1,-1
294,245,875,1,81,69,1,-1,-1,-1
295,245,877,2,81,70,1,-1,-1,-1
296,245,878,2,82,71,1,-1,-1,-1
297,245,879,3,82,72,1,-1,-1,-1
298,245,881,4,82,72,1,-1,-1,-1
299,245,882,5,82,73,1,-1,-1,-1
300,245,883,5,83,74,1,-1,-1,-1
301,245,885,6,83,75,1,-1,-1,-1
302,245,886,7,83,76,1,-1,-1,-1
303,245,887,8,84,76,1,-1,-1,-1
304,245,888,9,84,76,1,-1,-1,-1
305,245,889,10,85,77,1,-1,-1,-1
306,245,890,11,86,77,1,-1,-1,-1
307,245,891,12,87,77,1,-1,-1,-1
308,245,891,14,87,77,1,-1,-1,-1
309,245,892,15,88,77,1,-1,-1,-1
310,245,893,16,89,77,1,-1,-1,-1
311,245,894,17,90,78,1,-1,-1,-1
312,245,895,18,90,78,1,-1,-1,-1
313,245,896,19,91,78,1,-1,-1,-1
314,245,897,20,91,78,1,-1,-1,-1
315,245,897,21,91,79,1,-1,-1,-1
316,245,898,22,91,79,1,-1,-1,-1
317,245,898,23,91,79,1,-1,-1,-1
318,245,899,23,92,79,1,-1,-1,-1
319,245,899,24,92,80,1,-1,-1,-1
320,245,900,25,92,80,1,-1,-1,-1
321,245,900,26,92,80,1,-1,-1,-1
322,245,901,27,92,80,1,-1,-1,-1
323,245,901,28,92,81,1,-1,-1,-1
324,245,902,29,92,81,1,-1,-1,-1
325,245,902,30,92,81,1,-1,-1,-1
326,245,903,31,93,82,1,-1,-1,-1
327,245,904,31,93,82,1,-1,-1,-1
328,245,904,32,93,82,1,-1,-1,-1
329,245,905,33,93,82,1,-1,-1,-1
330,245,905,34,93,83,1,-1,-1,-1
331,245,906,35,93,83,1,-1,-1,-1
332,245,906,36,93,83,1,-1,-1,-1
333,245,907,37,93,83,1,-1,-1,-1
334,245,907,38,93,84,1,-1,-1,-1
335,245,908,38,94,84,1,-1,-1,-1
336,245,908,39,94,84,1,-1,-1,-1
337,245,909,40,94,84,1,-1,-1,-1
338,245,909,41,94,85,1,-1,-1,-1
339,245,910,42,94,85,1,-1,-1,-1
340,245,910,43,94,85,1,-1,-1,-1
341,245,910,43,95,85,1,-1,-1,-1
342,245,911,44,95,85,1,-1,-1,-1
343,245,911,45,96,85,1,-1,-1,-1
344,245,911,45,96,85,1,-1,-1,-1
345,245,911,46,96,85,1,-1,-1,-1
346,245,912,47,97,85,1,-1,-1,-1
347,245,912,48,97,85,1,-1,-1,-1
348,245,912,48,97,85,1,-1,-1,-1
349,245,912,49,98,85,1,-1,-1,-1
350,245,913,50,98,85,1,-1,-1,-1
351,245,913,50,99,85,1,-1,-1,-1
352,245,913,51,99,85,1,-1,-1,-1
353,245,914,52,99,85,1,-1,-1,-1
354,245,914,52,99,84,1,-1,-1,-1
355,245,915,53,99,84,1,-1,-1,-1
356,245,915,54,98,84,1,-1,-1,-1
357,245,916,55,98,84,1,-1,-1,-1
358,245,916,55,98,83,1,-1,-1,-1
359,245,917,56,98,83,1,-1,-1,-1
360,245,917,57,98,83,1,-1,-1,-1
361,245,918,57,98,82,1,-1,-1,-1
362,245,918,58,98,82,1,-1,-1,-1
363,245,919,59,97,82,1,-1,-1,-1
364,245,919,60,97,82,1,-1,-1,-1
365,245,920,60,97,81,1,-1,-1,-1
366,245,920,61,97,81,1,-1,-1,-1
367,245,920,61,97,81,1,-1,-1,-1
368,245,920,61,97,82,1,-1,-1,-1
369,245,920,61,97,82,1,-1,-1,-1
370,245,920,61,97,82,1,-1,-1,-1
371,245,920,61,97,83,1,-1,-1,-1
372,245,920,61,97,83,1,-1,-1,-1
373,245,921,60,98,83,1,-1,-1,-1
374,245,921,60,98,83,1,-1,-1,-1
375,245,921,60,98,84,1,-1,-1,-1
376,245,921,60,98,84,1,-1,-1,-1
377,245,921,60,98,84,1,-1,-1,-1
378,245,921,60,98,85,1,-1,-1,-1
379,245,921,60,98,85,1,-1,-1,-1
380,245,921,60,97,85,1,-1,-1,-1
381,245,922,61,97,85,1,-1,-1,-1
382,245,922,61,96,84,1,-1,-1,-1
383,245,923,62,96,84,1,-1,-1,-1
384,245,923,62,95,84,1,-1,-1,-1
385,245,923,62,94,84,1,-1,-1,-1
386,245,924,63,94,83,1,-1,-1,-1
387,245,924,63,93,83,1,-1,-1,-1
388,245,925,64,94,84,1,-1,-1,-1
389,245,926,65,95,84,1,-1,-1,-1
390,245,927,66,96,85,1,-1,-1,-1
391,245,928,67,97,85,1,-1,-1,-1
392,245,929,67,98,86,1,-1,-1,-1
393,245,930,68,99,86,1,-1,-1,-1
394,245,931,69,100,87,1,-1,-1,-1
395,245,932,70,101,87,1,-1,-1,-1
396,245,933,70,101,88,1,-1,-1,-1
397,245,935,70,102,88,1,-1,-1,-1
398,245,936,70,102,89,1,-1,-1,-1
399,245,938,70,102,89,1,-1,-1,-1
400,245,939,70,102,90,1,-1,-1,-1
401,245,940,70,103,90,1,-1,-1,-1
402,245,942,70,103,91,1,-1,-1,-1
403,245,943,70,103,91,1,-1,-1,-1
404,245,943,70,103,91,1,-1,-1,-1
405,245,944,71,103,92,1,-1,-1,-1
406,245,944,71,104,92,1,-1,-1,-1
407,245,945,72,104,92,1,-1,-1,-1
408,245,945,72,104,93,1,-1,-1,-1
409,245,946,73,104,93,1,-1,-1,-1
410,245,946,73,104,94,1,-1,-1,-1
411,245,947,74,104,94,1,-1,-1,-1
412,245,947,74,105,94,1,-1,-1,-1
413,245,948,75,105,95,1,-1,-1,-1
414,245,948,75,105,95,1,-1,-1,-1
415,245,936,75,127,101,1,-1,-1,-1
416,245,937,75,127,101,1,-1,-1,-1
417,245,937,75,125,100,1,-1,-1,-1
418,245,937,77,125,99,1,-1,-1,-1
419,245,937,76,125,100,1,-1,-1,-1
420,245,937,77,125,101,1,-1,-1,-1
421,245,937,77,127,102,1,-1,-1,-1
422,245,936,77,129,103,1,-1,-1,-1
423,245,936,78,130,103,1,-1,-1,-1
424,245,936,79,130,102,1,-1,-1,-1
425,245,936,80,129,100,1,-1,-1,-1
426,245,937,80,127,100,1,-1,-1,-1
427,245,938,80,125,100,1,-1,-1,-1
428,245,938,79,125,101,1,-1,-1,-1
429,245,938,79,127,102,1,-1,-1,-1
430,245,937,79,129,103,1,-1,-1,-1
431,245,936,78,130,106,1,-1,-1,-1
432,245,937,77,129,108,1,-1,-1,-1
433,245,937,82,129,110,1,-1,-1,-1
434,245,936,84,130,107,1,-1,-1,-1
435,245,935,85,131,105,1,-1,-1,-1
436,245,935,86,131,105,1,-1,-1,-1
437,245,935,85,132,106,1,-1,-1,-1
438,245,935,84,132,109,1,-1,-1,-1
439,245,935,83,133,111,1,-1,-1,-1
440,245,935,83,133,111,1,-1,-1,-1
441,245,935,84,133,110,1,-1,-1,-1
442,245,935,86,133,109,1,-1,-1,-1
443,245,935,88,134,107,1,-1,-1,-1
444,245,934,89,135,107,1,-1,-1,-1
445,245,933,90,135,107,1,-1,-1,-1
446,245,933,89,136,109,1,-1,-1,-1
447,245,933,88,138,110,1,-1,-1,-1
448,245,933,87,138,111,1,-1,-1,-1
449,245,933,88,136,110,1,-1,-1,-1
450,245,933,90,136,109,1,-1,-1,-1
451,245,933,92,135,106,1,-1,-1,-1
452,245,933,94,134,103,1,-1,-1,-1
453,245,934,95,133,102,1,-1,-1,-1
454,245,934,94,134,106,1,-1,-1,-1
455,245,933,92,135,110,1,-1,-1,-1
456,245,933,92,135,112,1,-1,-1,-1
457,245,932,93,135,112,1,-1,-1,-1
458,245,933,94,134,111,1,-1,-1,-1
459,245,935,91,129,117,1,-1,-1,-1
460,245,934,92,131,117,1,-1,-1,-1
461,245,933,92,133,117,1,-1,-1,-1
462,245,932,92,134,119,1,-1,-1,-1
463,245,932,92,134,119,1,-1,-1,-1
464,245,931,93,135,119,1,-1,-1,-1
465,245,930,95,138,118,1,-1,-1,-1
466,245,930,97,140,118,1,-1,-1,-1
467,245,929,98,142,118,1,-1,-1,-1
468,245,928,100,143,117,1,-1,-1,-1
469,245,923,100,143,117,1,-1,-1,-1
470,245,921,101,145,118,1,-1,-1,-1
471,245,920,101,146,120,1,-1,-1,-1
472,245,921,100,145,122,1,-1,-1,-1
473,245,921,100,145,124,1,-1,-1,-1
474,245,921,100,146,125,1,-1,-1,-1
475,245,920,100,147,125,1,-1,-1,-1
476,245,919,101,149,122,1,-1,-1,-1
477,245,926,105,145,118,1,-1,-1,-1
478,245,926,106,145,117,1,-1,-1,-1
479,245,926,108,144,118,1,-1,-1,-1
480,245,926,109,143,120,1,-1,-1,-1
481,245,925,111,142,121,1,-1,-1,-1
482,245,925,112,141,123,1,-1,-1,-1
483,245,925,114,140,124,1,-1,-1,-1
484,245,923,115,143,124,1,-1,-1,-1
485,245,921,116,145,124,1,-1,-1,-1
486,245,921,116,145,125,1,-1,-1,-1
487,245,920,116,146,127,1,-1,-1,-1
488,245,921,117,146,127,1,-1,-1,-1
489,245,920,118,146,124,1,-1,-1,-1
490,245,919,120,149,123,1,-1,-1,-1
491,245,918,120,150,124,1,-1,-1,-1
492,245,917,120,151,129,1,-1,-1,-1
493,245,918,119,151,132,1,-1,-1,-1
494,245,917,119,152,135,1,-1,-1,-1
495,245,916,120,155,135,1,-1,-1,-1
496,245,913,122,158,136,1,-1,-1,-1
497,245,911,123,160,139,1,-1,-1,-1
498,245,910,124,161,139,1,-1,-1,-1
499,245,910,123,160,141,1,-1,-1,-1
500,245,911,125,158,142,1,-1,-1,-1
501,245,910,126,160,140,1,-1,-1,-1
502,245,908,128,163,139,1,-1,-1,-1
503,245,904,129,166,138,1,-1,-1,-1
504,245,905,129,165,140,1,-1,-1,-1
505,245,906,131,164,139,1,-1,-1,-1
506,245,907,132,163,136,1,-1,-1,-1
507,245,907,135,164,138,1,-1,-1,-1
508,245,907,137,164,139,1,-1,-1,-1
509,245,906,140,165,141,1,-1,-1,-1
510,245,906,142,165,142,1,-1,-1,-1
511,245,904,140,166,145,1,-1,-1,-1
512,245,904,141,168,147,1,-1,-1,-1
513,245,904,142,171,147,1,-1,-1,-1
514,245,904,143,172,149,1,-1,-1,-1
515,245,904,144,173,150,1,-1,-1,-1
516,245,903,145,175,152,1,-1,-1,-1
517,245,903,145,177,154,1,-1,-1,-1
518,245,904,145,177,158,1,-1,-1,-1
519,245,903,146,179,161,1,-1,-1,-1
520,245,903,147,180,163,1,-1,-1,-1
521,245,909,149,183,165,1,-1,-1,-1
522,245,908,150,186,167,1,-1,-1,-1
523,245,909,152,186,166,1,-1,-1,-1
524,245,910,153,186,166,1,-1,-1,-1
525,245,910,154,186,165,1,-1,-1,-1
526,245,910,158,187,167,1,-1,-1,-1
527,245,911,161,188,169,1,-1,-1,-1
528,245,911,165,189,171,1,-1,-1,-1
529,245,911,167,190,168,1,-1,-1,-1
530,245,913,173,190,164,1,-1,-1,-1
531,245,914,176,189,162,1,-1,-1,-1
532,245,915,176,189,165,1,-1,-1,-1
533,245,916,177,190,167,1,-1,-1,-1
534,245,916,177,193,172,1,-1,-1,-1
535,245,916,177,194,175,1,-1,-1,-1
536,245,916,178,195,176,1,-1,-1,-1
537,245,916,181,195,174,1,-1,-1,-1
538,245,916,183,198,174,1,-1,-1,-1
539,245,915,185,199,174,1,-1,-1,-1
540,245,909,194,210,186,1,-1,-1,-1
541,245,907,196,213,187,1,-1,-1,-1
542,245,906,196,217,190,1,-1,-1,-1
543,245,907,198,213,193,1,-1,-1,-1
544,245,904,198,218,193,1,-1,-1,-1
545,245,901,201,223,190,1,-1,-1,-1
546,245,899,203,230,191,1,-1,-1,-1
547,245,899,205,230,191,1,-1,-1,-1
548,245,901,210,228,197,1,-1,-1,-1
549,245,902,214,226,204,1,-1,-1,-1
550,245,904,219,224,210,1,-1,-1,-1
551,245,903,220,226,212,1,-1,-1,-1
552,245,901,221,228,213,1,-1,-1,-1
553,245,897,224,232,213,1,-1,-1,-1
554,245,894,228,239,218,1,-1,-1,-1
555,245,890,233,245,224,1,-1,-1,-1
556,245,884,235,253,231,1,-1,-1,-1
557,245,880,236,255,237,1,-1,-1,-1
558,245,875,238,261,239,1,-1,-1,-1
559,245,870,241,267,241,1,-1,-1,-1
560,245,868,244,271,242,1,-1,-1,-1
561,245,864,249,275,243,1,-1,-1,-1
562,245,859,253,278,249,1,-1,-1,-1
563,245,853,254,284,254,1,-1,-1,-1
564,245,850,255,285,260,1,-1,-1,-1
565,245,851,267,282,264,1,-1,-1,-1
566,245,847,270,290,266,1,-1,-1,-1
567,245,842,277,297,264,1,-1,-1,-1
568,245,837,287,303,260,1,-1,-1,-1
569,245,833,297,305,257,1,-1,-1,-1
570,245,833,301,306,259,1,-1,-1,-1
571,245,831,305,308,264,1,-1,-1,-1
572,245,829,308,309,273,1,-1,-1,-1
573,245,824,311,316,282,1,-1,-1,-1
574,245,819,314,323,289,1,-1,-1,-1
575,245,815,317,323,311,1,-1,-1,-1
576,245,809,317,329,317,1,-1,-1,-1
577,245,803,322,337,320,1,-1,-1,-1
578,245,797,329,344,323,1,-1,-1,-1
579,245,792,340,351,325,1,-1,-1,-1
580,245,777,352,354,327,1,-1,-1,-1
581,245,773,358,361,336,1,-1,-1,-1
582,245,767,360,370,342,1,-1,-1,-1
583,245,762,381,373,330,1,-1,-1,-1
584,245,759,383,370,336,1,-1,-1,-1
585,245,754,391,369,338,1,-1,-1,-1
586,245,747,405,369,333,1,-1,-1,-1
587,245,739,419,374,333,1,-1,-1,-1
588,245,727,426,386,342,1,-1,-1,-1
589,245,712,432,400,357,1,-1,-1,-1
590,245,696,438,413,371,1,-1,-1,-1
591,245,682,441,440,383,1,-1,-1,-1
592,243,1197,764,445,316,1,-1,-1,-1
592,245,673,452,448,385,1,-1,-1,-1
593,243,1218,747,424,333,1,-1,-1,-1
593,245,667,464,452,391,1,-1,-1,-1
594,243,1193,711,454,365,1,-1,-1,-1
594,245,662,470,425,408,1,-1,-1,-1
595,243,1204,697,442,367,1,-1,-1,-1
595,245,649,487,431,415,1,-1,-1,-1
596,243,1217,690,427,336,1,-1,-1,-1
596,245,628,506,451,411,1,-1,-1,-1
597,243,1224,681,421,329,1,-1,-1,-1
597,245,597,525,483,405,1,-1,-1,-1
598,243,1225,655,413,316,1,-1,-1,-1
598,245,567,535,512,409,1,-1,-1,-1
599,243,1227,637,406,319,1,-1,-1,-1
599,245,541,535,526,427,1,-1,-1,-1
600,243,1228,617,397,328,1,-1,-1,-1
600,245,525,558,520,451,1,-1,-1,-1
601,243,1228,606,393,330,1,-1,-1,-1
601,245,507,565,519,463,1,-1,-1,-1
602,243,1222,584,397,321,1,-1,-1,-1
602,245,486,578,535,471,1,-1,-1,-1
603,243,1219,572,394,312,1,-1,-1,-1
603,245,446,594,547,483,1,-1,-1,-1
604,243,1218,560,389,301,1,-1,-1,-1
604,245,415,610,569,470,1,-1,-1,-1
605,243,1205,548,385,299,1,-1,-1,-1
605,245,375,631,585,449,1,-1,-1,-1
606,243,1208,525,365,286,1,-1,-1,-1
606,245,336,653,600,427,1,-1,-1,-1
607,243,1209,516,355,283,1,-1,-1,-1
607,245,296,674,616,406,1,-1,-1,-1
608,243,1205,508,345,275,1,-1,-1,-1
609,243,1201,498,340,274,1,-1,-1,-1
610,243,1196,489,334,272,1,-1,-1,-1
611,243,1188,470,332,256,1,-1,-1,-1
612,243,1184,466,325,251,1,-1,-1,-1
613,243,1181,460,319,245,1,-1,-1,-1
614,243,1180,454,310,240,1,-1,-1,-1
615,243,1168,441,307,233,1,-1,-1,-1
616,243,1168,436,294,229,1,-1,-1,-1
617,243,1151,410,305,233,1,-1,-1,-1
618,243,1144,407,305,228,1,-1,-1,-1
619,243,1140,403,299,220,1,-1,-1,-1
620,243,1138,396,289,215,1,-1,-1,-1
621,243,1134,392,278,206,1,-1,-1,-1
622,243,1135,384,265,204,1,-1,-1,-1
623,243,1134,379,255,201,1,-1,-1,-1
624,243,1121,374,259,198,1,-1,-1,-1
625,243,1117,351,262,202,1,-1,-1,-1
626,243,1115,345,260,202,1,-1,-1,-1
627,243,1112,337,256,204,1,-1,-1,-1
628,243,1107,330,257,201,1,-1,-1,-1
629,243,1113,328,234,179,1,-1,-1,-1
629,244,1216,767,445,313,1,-1,-1,-1
630,243,1113,324,230,180,1,-1,-1,-1
630,244,1176,747,488,333,1,-1,-1,-1
631,243,1115,321,219,176,1,-1,-1,-1
631,244,1186,708,464,372,1,-1,-1,-1
632,243,1110,313,217,174,1,-1,-1,-1
632,244,1195,689,442,385,1,-1,-1,-1
633,243,1104,305,214,171,1,-1,-1,-1
633,244,1197,663,428,396,1,-1,-1,-1
634,243,1099,297,212,169,1,-1,-1,-1
634,244,1188,637,430,402,1,-1,-1,-1
635,243,1099,293,208,171,1,-1,-1,-1
635,244,1177,620,439,394,1,-1,-1,-1
636,243,1096,293,206,163,1,-1,-1,-1
636,244,1183,622,426,340,1,-1,-1,-1
637,243,1094,291,205,157,1,-1,-1,-1
637,244,1185,609,415,339,1,-1,-1,-1
638,243,1092,286,203,155,1,-1,-1,-1
638,244,1187,607,405,321,1,-1,-1,-1
639,243,1090,281,201,154,1,-1,-1,-1
639,244,1189,582,383,315,1,-1,-1,-1
640,243,1088,276,199,152,1,-1,-1,-1
640,244,1187,569,371,304,1,-1,-1,-1
641,243,1086,271,196,151,1,-1,-1,-1
641,244,1184,556,362,296,1,-1,-1,-1
642,243,1084,266,194,149,1,-1,-1,-1
642,244,1175,538,366,293,1,-1,-1,-1
643,243,1082,261,192,148,1,-1,-1,-1
643,244,1165,519,370,289,1,-1,-1,-1
644,243,1080,256,190,146,1,-1,-1,-1
644,244,1164,507,360,284,1,-1,-1,-1
645,243,1078,251,190,145,1,-1,-1,-1
645,244,1161,498,355,277,1,-1,-1,-1
646,243,1076,246,191,144,1,-1,-1,-1
646,244,1141,494,362,264,1,-1,-1,-1
647,243,1073,240,191,142,1,-1,-1,-1
647,244,1144,475,345,261,1,-1,-1,-1
648,243,1071,235,191,141,1,-1,-1,-1
648,244,1145,468,333,255,1,-1,-1,-1
649,243,1074,234,187,139,1,-1,-1,-1
649,244,1142,458,327,252,1,-1,-1,-1
650,243,1075,231,183,139,1,-1,-1,-1
650,244,1139,445,319,252,1,-1,-1,-1
651,243,1075,230,182,134,1,-1,-1,-1
651,244,1135,438,310,246,1,-1,-1,-1
652,243,1075,228,178,132,1,-1,-1,-1
652,244,1133,432,301,241,1,-1,-1,-1
653,243,1076,225,176,130,1,-1,-1,-1
653,244,1130,409,297,248,1,-1,-1,-1
654,243,1076,222,172,131,1,-1,-1,-1
654,244,1131,408,286,235,1,-1,-1,-1
655,243,1076,215,170,133,1,-1,-1,-1
655,244,1130,404,278,228,1,-1,-1,-1
656,243,1076,207,168,134,1,-1,-1,-1
656,244,1129,396,272,224,1,-1,-1,-1
657,243,1075,204,169,135,1,-1,-1,-1
657,244,1128,387,265,222,1,-1,-1,-1
658,243,1075,202,167,135,1,-1,-1,-1
658,244,1122,376,260,217,1,-1,-1,-1
659,243,1074,200,168,133,1,-1,-1,-1
659,244,1125,371,253,211,1,-1,-1,-1
660,243,1075,197,167,131,1,-1,-1,-1
660,244,1124,369,249,206,1,-1,-1,-1
661,243,1076,194,165,130,1,-1,-1,-1
661,244,1121,361,247,203,1,-1,-1,-1
662,243,1077,191,161,129,1,-1,-1,-1
662,244,1119,354,245,200,1,-1,-1,-1
663,243,1078,189,158,127,1,-1,-1,-1
663,244,1116,346,244,197,1,-1,-1,-1
664,243,1079,189,155,124,1,-1,-1,-1
664,244,1113,338,242,193,1,-1,-1,-1
665,243,1080,188,154,123,1,-1,-1,-1
665,244,1111,331,240,190,1,-1,-1,-1
666,243,1079,189,153,121,1,-1,-1,-1
666,244,1108,323,238,187,1,-1,-1,-1
667,243,1078,179,157,122,1,-1,-1,-1
667,244,1109,314,231,189,1,-1,-1,-1
668,243,1079,177,156,124,1,-1,-1,-1
668,244,1110,309,223,188,1,-1,-1,-1
669,243,1081,175,155,125,1,-1,-1,-1
669,244,1103,306,221,184,1,-1,-1,-1
669,246,1159,754,451,326,1,-1,-1,-1
670,243,1082,174,155,124,1,-1,-1,-1
670,244,1098,297,219,172,1,-1,-1,-1
670,246,1167,732,441,348,1,-1,-1,-1
671,243,1083,173,155,122,1,-1,-1,-1
671,244,1100,292,215,176,1,-1,-1,-1
671,246,1178,711,427,364,1,-1,-1,-1
672,243,1084,172,152,121,1,-1,-1,-1
672,244,1102,287,207,175,1,-1,-1,-1
672,246,1177,692,427,360,1,-1,-1,-1
673,243,1086,170,149,121,1,-1,-1,-1
673,244,1103,284,202,169,1,-1,-1,-1
673,246,1176,672,427,356,1,-1,-1,-1
674,243,1087,165,145,123,1,-1,-1,-1
674,244,1100,280,205,166,1,-1,-1,-1
674,246,1174,653,427,353,1,-1,-1,-1
675,243,1090,163,142,123,1,-1,-1,-1
675,244,1097,279,207,164,1,-1,-1,-1
675,246,1173,633,427,349,1,-1,-1,-1
676,243,1091,161,139,124,1,-1,-1,-1
676,244,1097,274,204,162,1,-1,-1,-1
676,246,1172,614,427,345,1,-1,-1,-1
677,243,1091,160,138,123,1,-1,-1,-1
677,244,1096,270,201,161,1,-1,-1,-1
677,246,1173,601,415,348,1,-1,-1,-1
678,243,1092,158,135,123,1,-1,-1,-1
678,244,1096,265,198,159,1,-1,-1,-1
678,246,1174,582,403,325,1,-1,-1,-1
679,243,1093,156,133,122,1,-1,-1,-1
679,244,1096,261,196,158,1,-1,-1,-1
679,246,1174,568,393,325,1,-1,-1,-1
680,243,1094,155,132,121,1,-1,-1,-1
680,244,1096,256,193,156,1,-1,-1,-1
680,246,1177,553,382,319,1,-1,-1,-1
681,243,1095,154,132,119,1,-1,-1,-1
681,244,1095,252,190,155,1,-1,-1,-1
681,246,1177,542,373,315,1,-1,-1,-1
682,243,1096,153,131,117,1,-1,-1,-1
682,244,1095,247,187,153,1,-1,-1,-1
682,246,1167,514,377,312,1,-1,-1,-1
683,243,1097,152,130,115,1,-1,-1,-1
683,244,1096,238,182,146,1,-1,-1,-1
683,246,1164,505,369,305,1,-1,-1,-1
684,243,1098,151,129,113,1,-1,-1,-1
684,244,1096,235,180,151,1,-1,-1,-1
684,246,1164,493,360,300,1,-1,-1,-1
685,243,1099,150,128,111,1,-1,-1,-1
685,244,1096,232,180,152,1,-1,-1,-1
685,246,1160,487,359,293,1,-1,-1,-1
686,243,1100,149,127,109,1,-1,-1,-1
686,244,1096,228,179,150,1,-1,-1,-1
686,246,1137,482,373,281,1,-1,-1,-1
687,243,1101,147,125,107,1,-1,-1,-1
687,244,1097,225,177,146,1,-1,-1,-1
687,246,1142,457,351,281,1,-1,-1,-1
688,243,1102,146,124,105,1,-1,-1,-1
688,244,1097,223,174,143,1,-1,-1,-1
688,246,1141,446,342,278,1,-1,-1,-1
689,243,1103,145,123,103,1,-1,-1,-1
689,244,1098,220,172,140,1,-1,-1,-1
689,246,1139,438,337,273,1,-1,-1,-1
690,243,1104,144,122,101,1,-1,-1,-1
690,244,1094,219,168,139,1,-1,-1,-1
690,246,1136,429,331,271,1,-1,-1,-1
691,243,1105,143,121,99,1,-1,-1,-1
691,244,1095,217,166,136,1,-1,-1,-1
691,246,1133,424,325,264,1,-1,-1,-1
692,243,1105,142,120,98,1,-1,-1,-1
692,244,1097,211,163,130,1,-1,-1,-1
692,246,1134,420,315,255,1,-1,-1,-1
693,243,1106,141,120,98,1,-1,-1,-1
693,244,1098,209,163,130,1,-1,-1,-1
693,246,1133,403,306,249,1,-1,-1,-1
694,243,1106,141,119,97,1,-1,-1,-1
694,244,1097,206,164,130,1,-1,-1,-1
694,246,1133,396,297,244,1,-1,-1,-1
695,243,1106,140,118,97,1,-1,-1,-1
695,244,1098,203,162,129,1,-1,-1,-1
695,246,1130,388,292,242,1,-1,-1,-1
696,243,1106,139,118,96,1,-1,-1,-1
696,244,1099,200,161,128,1,-1,-1,-1
696,246,1127,381,285,239,1,-1,-1,-1
697,243,1107,138,117,96,1,-1,-1,-1
697,244,1099,198,158,124,1,-1,-1,-1
697,246,1129,376,274,233,1,-1,-1,-1
698,243,1107,137,116,95,1,-1,-1,-1
698,244,1099,196,157,124,1,-1,-1,-1
698,246,1132,373,262,226,1,-1,-1,-1
699,243,1107,137,116,95,1,-1,-1,-1
699,244,1100,193,154,124,1,-1,-1,-1
699,246,1135,369,252,219,1,-1,-1,-1
700,243,1107,136,115,94,1,-1,-1,-1
700,244,1101,190,152,127,1,-1,-1,-1
700,246,1119,369,262,206,1,-1,-1,-1
701,243,1108,135,114,94,1,-1,-1,-1
701,244,1102,188,150,125,1,-1,-1,-1
701,246,1115,344,264,219,1,-1,-1,-1
702,243,1108,134,114,93,1,-1,-1,-1
702,244,1102,185,149,124,1,-1,-1,-1
702,246,1114,340,262,215,1,-1,-1,-1
703,243,1108,133,113,93,1,-1,-1,-1
703,244,1103,183,147,123,1,-1,-1,-1
703,246,1110,332,262,212,1,-1,-1,-1
704,243,1109,133,113,92,1,-1,-1,-1
704,244,1103,180,146,122,1,-1,-1,-1
704,246,1106,325,260,210,1,-1,-1,-1
705,244,1103,177,144,122,1,-1,-1,-1
705,246,1102,318,256,208,1,-1,-1,-1
706,244,1103,174,143,121,1,-1,-1,-1
706,246,1104,311,249,208,1,-1,-1,-1
707,244,1104,172,141,120,1,-1,-1,-1
707,246,1107,308,232,194,1,-1,-1,-1
708,244,1104,169,140,119,1,-1,-1,-1
708,246,1102,306,223,187,1,-1,-1,-1
709,244,1104,166,138,118,1,-1,-1,-1
709,246,1101,306,222,182,1,-1,-1,-1
710,244,1101,164,140,116,1,-1,-1,-1
710,246,1098,294,217,177,1,-1,-1,-1
711,244,1099,162,140,118,1,-1,-1,-1
711,246,1097,289,213,178,1,-1,-1,-1
712,244,1098,159,140,118,1,-1,-1,-1
712,246,1094,286,211,175,1,-1,-1,-1
713,244,1098,158,139,117,1,-1,-1,-1
713,246,1091,280,212,173,1,-1,-1,-1
714,244,1098,156,137,116,1,-1,-1,-1
714,246,1085,276,216,172,1,-1,-1,-1
715,244,1098,155,136,114,1,-1,-1,-1
715,246,1087,264,210,167,1,-1,-1,-1
716,244,1099,154,135,113,1,-1,-1,-1
716,246,1086,257,206,176,1,-1,-1,-1
717,244,1099,152,133,112,1,-1,-1,-1
717,246,1086,252,200,178,1,-1,-1,-1
718,244,1099,151,132,111,1,-1,-1,-1
718,246,1087,246,195,178,1,-1,-1,-1
719,244,1099,149,131,110,1,-1,-1,-1
719,246,1081,247,196,169,1,-1,-1,-1
720,244,1099,148,129,108,1,-1,-1,-1
720,246,1081,242,194,168,1,-1,-1,-1
721,244,1099,147,128,107,1,-1,-1,-1
721,246,1081,243,193,163,1,-1,-1,-1
722,244,1100,145,127,106,1,-1,-1,-1
722,246,1080,245,190,154,1,-1,-1,-1
723,244,1100,144,126,105,1,-1,-1,-1
723,246,1079,234,187,150,1,-1,-1,-1
724,244,1100,143,124,103,1,-1,-1,-1
724,246,1075,230,191,153,1,-1,-1,-1
725,244,1100,141,123,102,1,-1,-1,-1
725,246,1075,225,190,154,1,-1,-1,-1
726,244,1100,140,122,101,1,-1,-1,-1
726,246,1075,222,189,153,1,-1,-1,-1
727,244,1100,138,120,100,1,-1,-1,-1
727,246,1077,219,186,150,1,-1,-1,-1
728,244,1101,137,119,99,1,-1,-1,-1
728,246,1077,219,184,144,1,-1,-1,-1
729,244,1101,136,118,97,1,-1,-1,-1
729,246,1078,221,182,139,1,-1,-1,-1
730,244,1101,134,116,96,1,-1,-1,-1
730,246,1079,218,179,136,1,-1,-1,-1
731,244,1101,133,115,95,1,-1,-1,-1
731,246,1080,215,177,134,1,-1,-1,-1
732,244,1101,132,114,94,1,-1,-1,-1
732,246,1081,212,174,131,1,-1,-1,-1
733,244,1101,131,114,94,1,-1,-1,-1
733,246,1082,209,171,128,1,-1,-1,-1
734,244,1102,130,113,93,1,-1,-1,-1
734,246,1081,206,169,128,1,-1,-1,-1
735,244,1102,130,112,92,1,-1,-1,-1
735,246,1080,201,168,130,1,-1,-1,-1
736,244,1102,129,112,92,1,-1,-1,-1
736,246,1082,198,165,125,1,-1,-1,-1
737,244,1102,128,111,91,1,-1,-1,-1
737,246,1083,195,165,125,1,-1,-1,-1
738,244,1103,127,110,90,1,-1,-1,-1
738,246,1085,194,162,124,1,-1,-1,-1
739,244,1103,126,109,89,1,-1,-1,-1
739,246,1086,190,160,125,1,-1,-1,-1
740,244,1103,125,109,89,1,-1,-1,-1
740,246,1087,188,156,125,1,-1,-1,-1
741,244,1103,125,108,88,1,-1,-1,-1
741,246,1088,187,154,124,1,-1,-1,-1
742,244,1104,124,107,87,1,-1,-1,-1
742,246,1088,186,153,124,1,-1,-1,-1
743,244,1104,123,107,87,1,-1,-1,-1
743,246,1089,186,151,122,1,-1,-1,-1
744,244,1104,122,106,86,1,-1,-1,-1
744,246,1088,177,154,121,1,-1,-1,-1
745,244,1104,122,106,86,1,-1,-1,-1
745,246,1090,176,153,120,1,-1,-1,-1
746,244,1104,121,105,85,1,-1,-1,-1
746,246,1091,175,153,120,1,-1,-1,-1
747,244,1104,121,105,85,1,-1,-1,-1
747,246,1091,172,152,120,1,-1,-1,-1
748,244,1104,120,104,85,1,-1,-1,-1
748,246,1092,170,150,119,1,-1,-1,-1
749,244,1103,120,104,84,1,-1,-1,-1
749,246,1093,169,145,117,1,-1,-1,-1
750,244,1103,119,103,84,1,-1,-1,-1
750,246,1095,168,143,116,1,-1,-1,-1
751,244,1103,119,103,83,1,-1,-1,-1
751,246,1096,165,140,118,1,-1,-1,-1
752,244,1103,119,103,83,1,-1,-1,-1
752,246,1096,161,140,120,1,-1,-1,-1
753,246,1096,158,140,122,1,-1,-1,-1
754,246,1095,156,141,123,1,-1,-1,-1
755,246,1096,154,138,122,1,-1,-1,-1
756,246,1096,153,135,122,1,-1,-1,-1
757,246,1095,154,134,120,1,-1,-1,-1
758,246,1095,153,134,119,1,-1,-1,-1
759,246,1094,152,134,118,1,-1,-1,-1
760,246,1094,151,133,117,1,-1,-1,-1
761,246,1095,150,132,116,1,-1,-1,-1
762,246,1095,148,130,115,1,-1,-1,-1
763,246,1095,147,129,114,1,-1,-1,-1
764,246,1096,146,128,112,1,-1,-1,-1
765,246,1096,145,127,111,1,-1,-1,-1
766,246,1096,143,126,110,1,-1,-1,-1
767,246,1097,142,125,109,1,-1,-1,-1
768,246,1097,141,123,108,1,-1,-1,-1
769,246,1098,140,122,107,1,-1,-1,-1
770,246,1098,138,121,106,1,-1,-1,-1
771,246,1098,137,120,105,1,-1,-1,-1
772,246,1099,136,119,103,1,-1,-1,-1
773,246,1099,135,118,102,1,-1,-1,-1
774,246,1099,133,116,101,1,-1,-1,-1
775,246,1100,132,115,100,1,-1,-1,-1
776,246,1100,131,114,99,1,-1,-1,-1
777,246,1100,130,114,98,1,-1,-1,-1
778,246,1100,129,113,98,1,-1,-1,-1
779,246,1099,128,113,97,1,-1,-1,-1
780,246,1099,128,113,96,1,-1,-1,-1
781,246,1099,127,112,95,1,-1,-1,-1
782,246,1099,126,112,95,1,-1,-1,-1
783,246,1099,125,112,94,1,-1,-1,-1
784,246,1099,124,112,93,1,-1,-1,-1
785,246,1098,123,111,92,1,-1,-1,-1
786,246,1098,122,111,92,1,-1,-1,-1
787,246,1098,121,111,91,1,-1,-1,-1
788,246,1098,121,110,90,1,-1,-1,-1
789,246,1098,120,110,89,1,-1,-1,-1
790,246,1097,119,110,89,1,-1,-1,-1
791,246,1097,118,109,88,1,-1,-1,-1
792,246,1097,117,109,87,1,-1,-1,-1
793,246,1097,117,108,87,1,-1,-1,-1
794,246,1097,116,108,86,1,-1,-1,-1
795,246,1097,116,107,86,1,-1,-1,-1
796,246,1098,115,107,86,1,-1,-1,-1
797,246,1098,115,106,85,1,-1,-1,-1
798,246,1098,114,106,85,1,-1,-1,-1
799,246,1098,114,105,85,1,-1,-1,-1
800,246,1098,113,105,85,1,-1,-1,-1
801,246,1098,113,104,84,1,-1,-1,-1
802,246,1098,112,103,84,1,-1,-1,-1
803,246,1098,112,103,84,1,-1,-1,-1
804,246,1099,111,102,83,1,-1,-1,-1
805,246,1099,111,102,83,1,-1,-1,-1
806,246,1099,110,101,83,1,-1,-1,-1
807,246,1099,110,101,82,1,-1,-1,-1
808,246,1099,109,100,82,1,-1,-1,-1
809,246,1099,109,100,82,1,-1,-1,-1
810,246,1099,108,100,82,1,-1,-1,-1
811,246,1099,108,99,82,1,-1,-1,-1
812,246,1099,108,99,82,1,-1,-1,-1
813,246,1099,107,99,81,1,-1,-1,-1
814,246,1099,107,99,81,1,-1,-1,-1
815,246,1099,107,98,81,1,-1,-1,-1
816,246,1099,106,98,81,1,-1,-1,-1
817,246,1100,106,98,81,1,-1,-1,-1
818,246,1100,105,98,81,1,-1,-1,-1
819,246,1100,105,97,81,1,-1,-1,-1
820,246,1100,105,97,81,1,-1,-1,-1
821,246,1100,104,97,80,1,-1,-1,-1
822,246,1100,104,97,80,1,-1,-1,-1
823,246,1100,104,96,80,1,-1,-1,-1
824,243,1070,86,85,64,1,-1,-1,-1
824,246,1100,103,96,80,1,-1,-1,-1
825,243,1069,85,85,63,1,-1,-1,-1
825,246,1100,103,96,80,1,-1,-1,-1
826,243,1067,85,85,63,1,-1,-1,-1
826,246,1100,103,96,80,1,-1,-1,-1
827,243,1065,83,85,63,1,-1,-1,-1
827,246,1100,102,96,80,1,-1,-1,-1
828,243,1063,82,85,63,1,-1,-1,-1
828,246,1100,102,97,80,1,-1,-1,-1
829,243,1061,80,85,63,1,-1,-1,-1
829,246,1099,102,97,80,1,-1,-1,-1
830,243,1059,79,84,64,1,-1,-1,-1
830,246,1099,102,97,80,1,-1,-1,-1
831,243,1057,77,84,64,1,-1,-1,-1
831,246,1099,101,97,80,1,-1,-1,-1
832,243,1055,76,84,64,1,-1,-1,-1
832,246,1099,101,97,80,1,-1,-1,-1
833,243,1053,74,84,64,1,-1,-1,-1
833,246,1099,101,97,80,1,-1,-1,-1
834,243,1051,72,84,64,1,-1,-1,-1
834,246,1099,101,98,81,1,-1,-1,-1
835,243,1049,71,84,64,1,-1,-1,-1
835,246,1098,100,98,81,1,-1,-1,-1
836,243,1047,69,84,64,1,-1,-1,-1
836,246,1098,100,98,81,1,-1,-1,-1
837,243,1045,68,83,65,1,-1,-1,-1
837,246,1098,100,98,81,1,-1,-1,-1
838,243,1043,66,83,65,1,-1,-1,-1
838,246,1098,99,98,81,1,-1,-1,-1
839,243,1041,65,83,65,1,-1,-1,-1
839,246,1098,99,98,81,1,-1,-1,-1
840,243,1039,63,83,65,1,-1,-1,-1
840,246,1098,99,99,81,1,-1,-1,-1
841,243,1037,61,83,65,1,-1,-1,-1
841,246,1097,99,99,81,1,-1,-1,-1
842,243,1036,59,82,65,1,-1,-1,-1
842,246,1097,98,99,81,1,-1,-1,-1
843,243,1034,58,82,65,1,-1,-1,-1
843,246,1097,98,99,81,1,-1,-1,-1
844,243,1032,56,81,64,1,-1,-1,-1
844,246,1097,98,99,81,1,-1,-1,-1
845,243,1030,54,81,64,1,-1,-1,-1
845,246,1097,98,98,81,1,-1,-1,-1
846,243,1029,52,81,64,1,-1,-1,-1
846,246,1097,98,98,81,1,-1,-1,-1
847,243,1027,51,80,64,1,-1,-1,-1
847,246,1098,98,98,80,1,-1,-1,-1
848,243,1025,49,80,64,1,-1,-1,-1
848,246,1098,98,98,80,1,-1,-1,-1
849,243,1024,47,80,64,1,-1,-1,-1
849,246,1098,98,97,80,1,-1,-1,-1
850,243,1022,45,79,63,1,-1,-1,-1
850,246,1098,98,97,80,1,-1,-1,-1
851,243,1020,43,79,63,1,-1,-1,-1
851,246,1098,99,97,80,1,-1,-1,-1
852,243,1018,42,78,63,1,-1,-1,-1
852,246,1098,99,97,80,1,-1,-1,-1
853,243,1017,40,78,63,1,-1,-1,-1
853,246,1098,99,96,80,1,-1,-1,-1
854,243,1015,38,78,63,1,-1,-1,-1
854,246,1098,99,96,80,1,-1,-1,-1
855,243,1013,36,77,63,1,-1,-1,-1
855,246,1099,99,96,79,1,-1,-1,-1
856,243,1011,35,77,62,1,-1,-1,-1
856,246,1099,99,96,79,1,-1,-1,-1
857,243,1010,33,76,62,1,-1,-1,-1
857,246,1099,99,95,79,1,-1,-1,-1
857,250,863,0,72,59,1,-1,-1,-1
858,243,1008,31,76,62,1,-1,-1,-1
858,246,1099,99,95,79,1,-1,-1,-1
858,250,863,0,73,60,1,-1,-1,-1
859,243,1006,30,76,62,1,-1,-1,-1
859,246,1099,99,95,79,1,-1,-1,-1
859,250,864,0,73,61,1,-1,-1,-1
860,243,1004,28,75,62,1,-1,-1,-1
860,246,1099,99,95,79,1,-1,-1,-1
860,250,864,0,74,62,1,-1,-1,-1
861,243,1003,27,75,61,1,-1,-1,-1
861,246,1099,99,94,79,1,-1,-1,-1
861,250,864,0,75,62,1,-1,-1,-1
862,243,1001,25,75,61,1,-1,-1,-1
862,246,1099,99,94,79,1,-1,-1,-1
862,250,865,0,75,63,1,-1,-1,-1
863,243,999,24,75,61,1,-1,-1,-1
863,246,1100,99,94,78,1,-1,-1,-1
863,250,865,0,76,64,1,-1,-1,-1
864,243,997,23,74,61,1,-1,-1,-1
864,246,1100,99,94,78,1,-1,-1,-1
864,250,866,1,76,65,1,-1,-1,-1
865,243,995,21,74,60,1,-1,-1,-1
865,246,1100,99,93,78,1,-1,-1,-1
865,250,867,1,76,65,1,-1,-1,-1
866,243,994,20,74,60,1,-1,-1,-1
866,246,1100,99,93,78,1,-1,-1,-1
866,250,868,2,76,66,1,-1,-1,-1
867,243,992,18,73,60,1,-1,-1,-1
867,246,1100,100,93,78,1,-1,-1,-1
867,250,868,3,76,66,1,-1,-1,-1
868,243,990,17,73,60,1,-1,-1,-1
868,246,1100,100,93,78,1,-1,-1,-1
868,250,869,3,77,67,1,-1,-1,-1
869,243,988,16,73,59,1,-1,-1,-1
869,246,1100,100,92,78,1,-1,-1,-1
869,250,870,4,77,67,1,-1,-1,-1
870,243,986,14,72,59,1,-1,-1,-1
870,246,1100,100,92,78,1,-1,-1,-1
870,250,871,5,77,68,1,-1,-1,-1
871,243,985,13,72,59,1,-1,-1,-1
871,246,1101,100,92,77,1,-1,-1,-1
871,250,872,5,77,68,1,-1,-1,-1
872,243,983,11,72,59,1,-1,-1,-1
872,246,1101,100,92,77,1,-1,-1,-1
872,250,873,6,77,69,1,-1,-1,-1
873,243,981,10,72,58,1,-1,-1,-1
873,246,1101,100,91,77,1,-1,-1,-1
873,250,873,7,77,70,1,-1,-1,-1
874,243,979,9,71,58,1,-1,-1,-1
874,246,1101,100,91,77,1,-1,-1,-1
874,250,874,7,77,70,1,-1,-1,-1
875,243,977,7,71,58,1,-1,-1,-1
875,246,1101,100,91,77,1,-1,-1,-1
875,250,875,8,77,71,1,-1,-1,-1
876,243,976,6,71,58,1,-1,-1,-1
876,246,1101,100,91,77,1,-1,-1,-1
876,250,876,9,77,71,1,-1,-1,-1
877,243,974,4,70,57,1,-1,-1,-1
877,246,1101,100,91,76,1,-1,-1,-1
877,250,877,9,78,72,1,-1,-1,-1
878,243,972,3,70,57,1,-1,-1,-1
878,246,1101,100,91,76,1,-1,-1,-1
878,250,878,10,78,72,1,-1,-1,-1
879,243,971,2,70,56,1,-1,-1,-1
879,246,1101,100,91,76,1,-1,-1,-1
879,250,878,11,78,73,1,-1,-1,-1
880,243,970,2,69,55,1,-1,-1,-1
880,246,1101,100,91,76,1,-1,-1,-1
880,250,879,11,78,73,1,-1,-1,-1
881,243,968,1,69,53,1,-1,-1,-1
881,246,1101,100,91,76,1,-1,-1,-1
881,250,880,12,78,74,1,-1,-1,-1
882,243,967,1,68,52,1,-1,-1,-1
882,246,1101,100,91,75,1,-1,-1,-1
882,250,881,13,78,74,1,-1,-1,-1
883,243,966,0,68,51,1,-1,-1,-1
883,246,1101,100,91,75,1,-1,-1,-1
883,250,882,14,78,75,1,-1,-1,-1
884,243,965,0,68,49,1,-1,-1,-1
884,246,1101,99,92,75,1,-1,-1,-1
884,250,882,15,79,75,1,-1,-1,-1
885,243,964,0,68,48,1,-1,-1,-1
885,246,1101,99,92,75,1,-1,-1,-1
885,250,883,16,79,75,1,-1,-1,-1
886,243,963,0,68,46,1,-1,-1,-1
886,246,1101,99,92,74,1,-1,-1,-1
886,250,884,17,79,75,1,-1,-1,-1
887,243,962,0,68,45,1,-1,-1,-1
887,246,1101,99,92,74,1,-1,-1,-1
887,250,885,18,79,76,1,-1,-1,-1
888,243,961,0,68,43,1,-1,-1,-1
888,244,1069,87,82,65,1,-1,-1,-1
888,246,1101,99,92,74,1,-1,-1,-1
888,250,885,18,79,76,1,-1,-1,-1
889,244,1068,86,82,65,1,-1,-1,-1
889,246,1101,99,92,74,1,-1,-1,-1
889,250,886,19,79,76,1,-1,-1,-1
890,244,1066,85,82,65,1,-1,-1,-1
890,246,1101,99,92,74,1,-1,-1,-1
890,250,887,20,80,77,1,-1,-1,-1
891,244,1065,85,83,64,1,-1,-1,-1
891,246,1101,99,92,73,1,-1,-1,-1
891,250,888,21,80,77,1,-1,-1,-1
892,244,1063,84,83,64,1,-1,-1,-1
892,246,1101,99,92,73,1,-1,-1,-1
892,250,888,22,80,77,1,-1,-1,-1
893,244,1062,83,83,64,1,-1,-1,-1
893,246,1101,99,92,73,1,-1,-1,-1
893,250,889,23,80,78,1,-1,-1,-1
894,244,1061,82,83,64,1,-1,-1,-1
894,246,1101,99,92,73,1,-1,-1,-1
894,250,890,24,80,78,1,-1,-1,-1
895,244,1059,81,83,64,1,-1,-1,-1
895,246,1101,99,92,73,1,-1,-1,-1
895,250,891,25,80,78,1,-1,-1,-1
896,244,1058,80,83,64,1,-1,-1,-1
896,246,1101,99,92,73,1,-1,-1,-1
896,250,891,26,81,78,1,-1,-1,-1
897,244,1057,80,84,64,1,-1,-1,-1
897,246,1101,99,92,73,1,-1,-1,-1
897,250,892,27,81,79,1,-1,-1,-1
898,244,1055,79,84,64,1,-1,-1,-1
898,246,1101,99,92,73,1,-1,-1,-1
898,250,893,28,81,79,1,-1,-1,-1
899,244,1054,78,84,64,1,-1,-1,-1
899,246,1101,98,91,73,1,-1,-1,-1
899,250,894,29,81,79,1,-1,-1,-1
900,244,1052,77,84,64,1,-1,-1,-1
900,246,1101,98,91,73,1,-1,-1,-1
900,250,894,29,81,80,1,-1,-1,-1
901,244,1050,75,84,64,1,-1,-1,-1
901,246,1101,98,91,73,1,-1,-1,-1
901,250,895,30,81,80,1,-1,-1,-1
902,244,1049,74,84,64,1,-1,-1,-1
902,246,1101,98,91,73,1,-1,-1,-1
902,250,896,31,82,80,1,-1,-1,-1
903,244,1047,73,84,64,1,-1,-1,-1
903,246,1101,98,91,73,1,-1,-1,-1
903,250,897,32,82,80,1,-1,-1,-1
904,244,1045,71,84,64,1,-1,-1,-1
904,246,1101,98,91,73,1,-1,-1,-1
904,250,897,33,82,81,1,-1,-1,-1
905,244,1043,70,83,65,1,-1,-1,-1
905,246,1101,98,91,73,1,-1,-1,-1
905,250,898,34,82,81,1,-1,-1,-1
906,244,1041,68,83,65,1,-1,-1,-1
906,246,1101,98,91,73,1,-1,-1,-1
906,250,898,35,82,81,1,-1,-1,-1
907,244,1039,67,83,65,1,-1,-1,-1
907,246,1101,98,91,73,1,-1,-1,-1
907,250,899,35,83,81,1,-1,-1,-1
908,244,1038,66,83,65,1,-1,-1,-1
908,246,1101,98,91,73,1,-1,-1,-1
908,250,899,36,83,81,1,-1,-1,-1
909,244,1036,64,83,65,1,-1,-1,-1
909,246,1101,97,90,73,1,-1,-1,-1
909,250,900,37,83,81,1,-1,-1,-1
910,244,1034,63,83,65,1,-1,-1,-1
910,246,1101,97,90,73,1,-1,-1,-1
910,250,900,37,83,81,1,-1,-1,-1
911,244,1032,61,83,65,1,-1,-1,-1
911,246,1101,97,90,73,1,-1,-1,-1
911,250,900,38,84,82,1,-1,-1,-1
912,244,1031,59,82,65,1,-1,-1,-1
912,246,1101,97,90,73,1,-1,-1,-1
912,250,901,39,84,82,1,-1,-1,-1
913,244,1029,57,82,65,1,-1,-1,-1
913,246,1101,97,90,73,1,-1,-1,-1
913,250,901,39,84,82,1,-1,-1,-1
914,244,1028,56,82,66,1,-1,-1,-1
914,246,1100,97,90,73,1,-1,-1,-1
914,250,901,40,85,82,1,-1,-1,-1
915,244,1026,54,82,66,1,-1,-1,-1
915,246,1100,96,90,73,1,-1,-1,-1
915,250,902,41,85,82,1,-1,-1,-1
916,244,1025,52,81,66,1,-1,-1,-1
916,246,1099,96,90,73,1,-1,-1,-1
916,250,902,41,85,82,1,-1,-1,-1
917,244,1023,50,81,66,1,-1,-1,-1
917,246,1098,95,90,73,1,-1,-1,-1
917,250,903,42,85,82,1,-1,-1,-1
918,244,1022,48,81,66,1,-1,-1,-1
918,246,1098,95,90,73,1,-1,-1,-1
918,250,903,43,86,82,1,-1,-1,-1
919,244,1020,46,81,66,1,-1,-1,-1
919,246,1097,95,90,72,1,-1,-1,-1
919,250,903,43,86,82,1,-1,-1,-1
920,244,1019,44,80,66,1,-1,-1,-1
920,246,1096,94,90,72,1,-1,-1,-1
920,250,904,44,86,82,1,-1,-1,-1
921,244,1017,42,80,66,1,-1,-1,-1
921,246,1096,94,90,72,1,-1,-1,-1
921,250,904,45,87,83,1,-1,-1,-1
922,244,1016,41,80,67,1,-1,-1,-1
922,246,1095,94,90,72,1,-1,-1,-1
922,250,904,45,87,83,1,-1,-1,-1
923,244,1014,39,80,67,1,-1,-1,-1
923,246,1094,93,90,72,1,-1,-1,-1
923,250,905,46,87,83,1,-1,-1,-1
924,244,1013,37,79,67,1,-1,-1,-1
924,246,1094,93,91,72,1,-1,-1,-1
924,250,905,47,87,83,1,-1,-1,-1
925,244,1011,35,79,67,1,-1,-1,-1
925,246,1093,92,91,72,1,-1,-1,-1
925,250,906,47,88,83,1,-1,-1,-1
926,244,1009,34,79,67,1,-1,-1,-1
926,246,1092,92,91,72,1,-1,-1,-1
926,250,906,48,88,83,1,-1,-1,-1
927,244,1008,33,78,67,1,-1,-1,-1
927,246,1092,92,91,72,1,-1,-1,-1
927,250,906,49,88,83,1,-1,-1,-1
928,244,1006,31,78,66,1,-1,-1,-1
928,246,1091,91,91,72,1,-1,-1,-1
928,250,907,49,88,83,1,-1,-1,-1
929,244,1004,30,78,66,1,-1,-1,-1
929,246,1090,91,91,71,1,-1,-1,-1
929,250,907,50,88,83,1,-1,-1,-1
930,244,1003,29,78,66,1,-1,-1,-1
930,246,1090,91,91,71,1,-1,-1,-1
930,250,907,50,88,83,1,-1,-1,-1
931,244,1001,28,77,66,1,-1,-1,-1
931,246,1089,90,91,71,1,-1,-1,-1
931,250,908,51,88,83,1,-1,-1,-1
932,244,999,26,77,65,1,-1,-1,-1
932,246,1088,90,91,71,1,-1,-1,-1
932,250,908,51,88,83,1,-1,-1,-1
933,244,998,25,77,65,1,-1,-1,-1
933,246,1088,89,91,71,1,-1,-1,-1
933,250,908,52,88,83,1,-1,-1,-1
934,244,996,24,76,65,1,-1,-1,-1
934,246,1087,89,91,71,1,-1,-1,-1
934,250,909,52,88,83,1,-1,-1,-1
935,244,995,23,76,65,1,-1,-1,-1
935,246,1085,89,91,71,1,-1,-1,-1
935,250,909,53,88,83,1,-1,-1,-1
936,244,993,21,76,64,1,-1,-1,-1
936,246,1084,88,91,71,1,-1,-1,-1
936,250,909,53,88,83,1,-1,-1,-1
937,244,991,20,75,64,1,-1,-1,-1
937,246,1082,88,91,70,1,-1,-1,-1
937,250,910,54,89,83,1,-1,-1,-1
938,244,990,19,75,64,1,-1,-1,-1
938,246,1081,88,91,70,1,-1,-1,-1
938,250,910,54,89,83,1,-1,-1,-1
939,244,988,18,75,64,1,-1,-1,-1
939,246,1079,87,91,70,1,-1,-1,-1
939,250,910,55,89,83,1,-1,-1,-1
940,244,986,16,75,63,1,-1,-1,-1
940,246,1077,87,91,70,1,-1,-1,-1
940,250,910,55,89,83,1,-1,-1,-1
941,244,985,15,74,63,1,-1,-1,-1
941,246,1076,86,91,70,1,-1,-1,-1
941,250,911,56,89,83,1,-1,-1,-1
942,244,983,14,74,63,1,-1,-1,-1
942,246,1074,86,91,70,1,-1,-1,-1
942,250,911,56,89,83,1,-1,-1,-1
943,244,982,13,74,62,1,-1,-1,-1
943,246,1072,86,90,69,1,-1,-1,-1
943,250,911,57,89,83,1,-1,-1,-1
944,244,981,12,73,61,1,-1,-1,-1
944,246,1071,85,90,69,1,-1,-1,-1
944,250,912,57,89,83,1,-1,-1,-1
945,244,980,11,73,60,1,-1,-1,-1
945,246,1069,85,90,69,1,-1,-1,-1
945,250,912,58,89,83,1,-1,-1,-1
946,244,979,11,72,59,1,-1,-1,-1
946,246,1068,85,90,69,1,-1,-1,-1
946,250,912,58,89,83,1,-1,-1,-1
947,244,978,10,72,58,1,-1,-1,-1
947,246,1066,84,90,69,1,-1,-1,-1
947,250,913,59,89,83,1,-1,-1,-1
948,244,977,9,71,57,1,-1,-1,-1
948,246,1064,84,90,68,1,-1,-1,-1
948,250,913,59,89,83,1,-1,-1,-1
949,244,976,8,71,56,1,-1,-1,-1
949,246,1063,83,90,68,1,-1,-1,-1
949,250,914,59,89,83,1,-1,-1,-1
950,244,976,7,70,56,1,-1,-1,-1
950,246,1061,83,90,68,1,-1,-1,-1
950,250,914,60,89,83,1,-1,-1,-1
951,244,975,6,70,55,1,-1,-1,-1
951,246,1060,81,90,68,1,-1,-1,-1
951,250,915,60,89,83,1,-1,-1,-1
952,244,974,5,69,54,1,-1,-1,-1
952,246,1058,80,89,68,1,-1,-1,-1
952,250,915,61,90,83,1,-1,-1,-1
953,244,973,4,69,53,1,-1,-1,-1
953,246,1057,78,89,68,1,-1,-1,-1
953,250,916,61,90,84,1,-1,-1,-1
954,244,972,4,68,52,1,-1,-1,-1
954,246,1055,77,88,68,1,-1,-1,-1
954,250,916,62,90,84,1,-1,-1,-1
955,244,971,3,68,51,1,-1,-1,-1
955,246,1054,75,88,68,1,-1,-1,-1
955,250,917,62,90,84,1,-1,-1,-1
956,244,970,2,67,50,1,-1,-1,-1
956,246,1052,74,88,68,1,-1,-1,-1
956,250,917,63,90,84,1,-1,-1,-1
957,244,969,1,67,49,1,-1,-1,-1
957,246,1051,72,87,68,1,-1,-1,-1
957,250,918,63,90,84,1,-1,-1,-1
958,244,968,0,66,48,1,-1,-1,-1
958,246,1049,71,87,68,1,-1,-1,-1
958,250,919,64,91,84,1,-1,-1,-1
959,244,967,0,66,47,1,-1,-1,-1
959,246,1048,69,86,68,1,-1,-1,-1
959,250,919,64,91,84,1,-1,-1,-1
960,244,966,0,67,45,1,-1,-1,-1
960,246,1046,68,86,68,1,-1,-1,-1
960,250,920,64,91,84,1,-1,-1,-1
961,244,965,0,67,44,1,-1,-1,-1
961,246,1045,66,86,68,1,-1,-1,-1
961,250,920,65,91,84,1,-1,-1,-1
962,246,1043,65,85,68,1,-1,-1,-1
962,250,921,65,91,84,1,-1,-1,-1
963,246,1042,63,85,68,1,-1,-1,-1
963,250,921,66,91,85,1,-1,-1,-1
964,246,1040,62,84,68,1,-1,-1,-1
964,250,922,66,91,85,1,-1,-1,-1
965,246,1039,60,84,68,1,-1,-1,-1
965,250,922,67,92,85,1,-1,-1,-1
966,246,1037,58,84,68,1,-1,-1,-1
966,250,923,67,92,85,1,-1,-1,-1
967,246,1036,57,83,68,1,-1,-1,-1
967,250,923,68,92,85,1,-1,-1,-1
968,246,1034,55,83,68,1,-1,-1,-1
968,250,924,68,92,85,1,-1,-1,-1
969,246,1032,53,82,67,1,-1,-1,-1
969,250,925,68,92,85,1,-1,-1,-1
970,246,1030,52,82,67,1,-1,-1,-1
970,250,925,69,92,85,1,-1,-1,-1
971,246,1029,50,82,67,1,-1,-1,-1
971,250,926,69,92,85,1,-1,-1,-1
972,246,1027,48,81,67,1,-1,-1,-1
972,250,927,70,92,85,1,-1,-1,-1
973,246,1025,47,81,67,1,-1,-1,-1
973,250,927,70,92,86,1,-1,-1,-1
974,246,1024,45,81,67,1,-1,-1,-1
974,250,928,71,92,86,1,-1,-1,-1
975,246,1022,43,80,66,1,-1,-1,-1
975,250,929,71,92,86,1,-1,-1,-1
976,246,1020,42,80,66,1,-1,-1,-1
976,250,929,72,92,86,1,-1,-1,-1
977,246,1018,40,79,66,1,-1,-1,-1
977,250,930,72,92,86,1,-1,-1,-1
978,246,1017,38,79,66,1,-1,-1,-1
978,250,931,73,92,86,1,-1,-1,-1
979,246,1015,37,79,66,1,-1,-1,-1
979,250,931,73,92,86,1,-1,-1,-1
980,246,1013,35,78,66,1,-1,-1,-1
980,250,932,73,92,86,1,-1,-1,-1
981,246,1011,33,78,65,1,-1,-1,-1
981,250,932,74,92,86,1,-1,-1,-1
982,246,1010,32,77,65,1,-1,-1,-1
982,250,933,74,92,86,1,-1,-1,-1
983,246,1008,30,77,65,1,-1,-1,-1
983,250,934,75,92,87,1,-1,-1,-1
984,246,1006,29,77,65,1,-1,-1,-1
984,250,934,75,92,87,1,-1,-1,-1
985,246,1004,27,77,64,1,-1,-1,-1
985,250,935,76,92,87,1,-1,-1,-1
986,246,1002,26,76,64,1,-1,-1,-1
986,250,936,76,92,87,1,-1,-1,-1
987,246,1000,25,76,63,1,-1,-1,-1
987,250,936,77,92,87,1,-1,-1,-1
988,246,998,24,76,63,1,-1,-1,-1
988,250,937,77,92,87,1,-1,-1,-1
989,246,996,22,76,62,1,-1,-1,-1
989,250,937,77,92,87,1,-1,-1,-1
990,246,994,21,76,62,1,-1,-1,-1
990,250,937,78,93,87,1,-1,-1,-1
991,246,992,20,76,61,1,-1,-1,-1
991,250,936,78,93,87,1,-1,-1,-1
992,246,991,18,75,61,1,-1,-1,-1
992,250,936,79,94,87,1,-1,-1,-1
993,246,989,17,75,60,1,-1,-1,-1
993,250,936,79,94,87,1,-1,-1,-1
994,246,987,16,75,60,1,-1,-1,-1
994,250,936,80,95,87,1,-1,-1,-1
995,246,985,14,75,59,1,-1,-1,-1
995,250,936,80,95,87,1,-1,-1,-1
996,246,983,13,75,59,1,-1,-1,-1
996,250,935,81,96,87,1,-1,-1,-1
997,246,981,12,75,58,1,-1,-1,-1
997,250,935,81,96,87,1,-1,-1,-1
998,246,979,11,74,58,1,-1,-1,-1
998,250,935,82,97,88,1,-1,-1,-1
999,246,977,9,74,57,1,-1,-1,-1
999,250,935,82,97,88,1,-1,-1,-1
1000,246,975,8,74,57,1,-1,-1,-1
1000,250,935,82,97,88,1,-1,-1,-1
1001,246,974,7,73,56,1,-1,-1,-1
1001,250,934,83,98,88,1,-1,-1,-1
1002,246,973,6,73,56,1,-1,-1,-1
1002,250,934,83,98,88,1,-1,-1,-1
1003,246,971,5,72,55,1,-1,-1,-1
1003,250,934,84,99,88,1,-1,-1,-1
1004,246,970,4,72,54,1,-1,-1,-1
1004,250,934,84,99,88,1,-1,-1,-1
1005,246,969,4,71,54,1,-1,-1,-1
1005,250,934,85,100,88,1,-1,-1,-1
1006,246,968,3,71,53,1,-1,-1,-1
1006,250,933,85,100,88,1,-1,-1,-1
1007,246,966,2,70,52,1,-1,-1,-1
1007,250,933,86,101,88,1,-1,-1,-1
1008,246,965,1,70,52,1,-1,-1,-1
1008,250,933,86,101,88,1,-1,-1,-1
1009,246,964,0,69,51,1,-1,-1,-1
1009,250,933,87,102,89,1,-1,-1,-1
1010,246,963,0,68,49,1,-1,-1,-1
1010,250,933,87,103,89,1,-1,-1,-1
1011,246,962,0,67,48,1,-1,-1,-1
1011,250,933,88,104,90,1,-1,-1,-1
1012,246,961,0,66,46,1,-1,-1,-1
1012,250,933,88,105,90,1,-1,-1,-1
1013,250,933,89,106,91,1,-1,-1,-1
1014,250,933,90,107,92,1,-1,-1,-1
1015,250,933,90,108,92,1,-1,-1,-1
1016,250,933,91,109,93,1,-1,-1,-1
1017,250,933,92,110,94,1,-1,-1,-1
1018,250,933,92,111,94,1,-1,-1,-1
1019,250,933,93,112,95,1,-1,-1,-1
1020,250,933,93,113,95,1,-1,-1,-1
1021,250,933,94,114,96,1,-1,-1,-1
1022,250,933,95,115,97,1,-1,-1,-1
1023,250,933,95,116,97,1,-1,-1,-1
1024,250,934,96,117,98,1,-1,-1,-1
1025,250,934,96,118,98,1,-1,-1,-1
1026,250,934,97,119,99,1,-1,-1,-1
1027,250,934,98,120,100,1,-1,-1,-1
1028,250,934,98,121,100,1,-1,-1,-1
1029,250,934,99,122,101,1,-1,-1,-1
1030,250,934,99,123,101,1,-1,-1,-1
1031,250,934,100,124,102,1,-1,-1,-1
1032,250,934,101,125,103,1,-1,-1,-1
1033,250,934,101,126,103,1,-1,-1,-1
1034,250,934,102,127,104,1,-1,-1,-1
1035,250,934,103,128,105,1,-1,-1,-1
1036,250,934,103,129,105,1,-1,-1,-1
1037,250,934,104,130,106,1,-1,-1,-1
1038,248,1208,668,542,412,1,-1,-1,-1
1038,250,934,104,131,106,1,-1,-1,-1
1039,248,1208,655,535,425,1,-1,-1,-1
1039,250,934,105,132,107,1,-1,-1,-1
1040,248,1208,642,527,438,1,-1,-1,-1
1040,250,932,106,134,106,1,-1,-1,-1
1041,248,1208,629,520,451,1,-1,-1,-1
1041,250,932,106,135,107,1,-1,-1,-1
1042,248,1208,616,512,464,1,-1,-1,-1
1042,250,931,106,135,110,1,-1,-1,-1
1043,248,1212,603,502,468,1,-1,-1,-1
1043,250,930,107,138,112,1,-1,-1,-1
1044,248,1214,588,496,465,1,-1,-1,-1
1044,250,929,108,139,112,1,-1,-1,-1
1045,248,1214,575,495,459,1,-1,-1,-1
1045,250,924,106,140,113,1,-1,-1,-1
1046,248,1208,570,496,441,1,-1,-1,-1
1046,250,924,107,139,111,1,-1,-1,-1
1047,248,1203,568,498,426,1,-1,-1,-1
1047,250,924,108,139,111,1,-1,-1,-1
1048,248,1198,566,498,413,1,-1,-1,-1
1048,250,924,109,139,111,1,-1,-1,-1
1049,248,1208,532,471,431,1,-1,-1,-1
1049,250,923,110,140,111,1,-1,-1,-1
1050,248,1201,529,469,429,1,-1,-1,-1
1050,250,921,110,141,109,1,-1,-1,-1
1051,248,1195,522,464,425,1,-1,-1,-1
1051,250,925,116,131,119,1,-1,-1,-1
1052,248,1190,516,459,421,1,-1,-1,-1
1052,250,923,115,132,121,1,-1,-1,-1
1053,248,1191,508,450,416,1,-1,-1,-1
1053,250,921,117,133,119,1,-1,-1,-1
1054,248,1187,498,448,417,1,-1,-1,-1
1054,250,919,117,134,120,1,-1,-1,-1
1055,248,1185,490,443,408,1,-1,-1,-1
1055,250,916,118,136,120,1,-1,-1,-1
1056,248,1183,481,439,400,1,-1,-1,-1
1056,250,914,119,139,120,1,-1,-1,-1
1057,248,1182,473,434,391,1,-1,-1,-1
1057,250,912,121,140,117,1,-1,-1,-1
1058,248,1180,464,429,382,1,-1,-1,-1
1058,250,910,123,140,116,1,-1,-1,-1
1059,248,1178,456,425,374,1,-1,-1,-1
1059,250,909,124,142,117,1,-1,-1,-1
1060,248,1176,447,420,365,1,-1,-1,-1
1060,250,908,125,141,117,1,-1,-1,-1
1061,248,1170,443,419,365,1,-1,-1,-1
1061,250,907,126,143,118,1,-1,-1,-1
1062,248,1167,443,416,363,1,-1,-1,-1
1062,250,904,126,145,120,1,-1,-1,-1
1063,248,1174,425,388,345,1,-1,-1,-1
1063,250,902,128,146,120,1,-1,-1,-1
1064,248,1171,421,384,347,1,-1,-1,-1
1064,250,900,128,147,122,1,-1,-1,-1
1065,248,1170,416,375,342,1,-1,-1,-1
1065,250,899,130,149,122,1,-1,-1,-1
1066,248,1166,410,373,341,1,-1,-1,-1
1066,250,897,130,150,128,1,-1,-1,-1
1067,248,1162,400,372,343,1,-1,-1,-1
1067,250,894,131,152,128,1,-1,-1,-1
1068,248,1154,393,376,342,1,-1,-1,-1
1068,250,892,131,153,131,1,-1,-1,-1
1069,248,1147,386,383,342,1,-1,-1,-1
1069,250,892,132,153,132,1,-1,-1,-1
1070,248,1141,383,387,340,1,-1,-1,-1
1070,250,890,133,154,133,1,-1,-1,-1
1071,248,1134,381,380,338,1,-1,-1,-1
1071,250,888,134,155,131,1,-1,-1,-1
1072,248,1135,372,371,334,1,-1,-1,-1
1072,250,887,135,156,130,1,-1,-1,-1
1073,248,1135,364,363,330,1,-1,-1,-1
1073,250,885,136,160,128,1,-1,-1,-1
1074,248,1136,355,354,326,1,-1,-1,-1
1074,250,885,139,160,128,1,-1,-1,-1
1075,248,1136,353,342,316,1,-1,-1,-1
1075,250,885,142,159,129,1,-1,-1,-1
1076,248,1135,347,336,314,1,-1,-1,-1
1076,250,884,145,159,129,1,-1,-1,-1
1077,248,1132,340,332,314,1,-1,-1,-1
1077,250,884,148,158,129,1,-1,-1,-1
1078,248,1131,334,330,312,1,-1,-1,-1
1078,250,882,147,161,132,1,-1,-1,-1
1079,248,1128,330,329,309,1,-1,-1,-1
1079,250,881,148,164,133,1,-1,-1,-1
1080,248,1128,328,326,306,1,-1,-1,-1
1080,250,879,150,166,133,1,-1,-1,-1
1081,248,1126,326,322,301,1,-1,-1,-1
1081,250,878,151,168,134,1,-1,-1,-1
1082,248,1125,322,318,303,1,-1,-1,-1
1082,250,877,151,172,138,1,-1,-1,-1
1083,248,1117,311,320,297,1,-1,-1,-1
1083,250,876,151,173,139,1,-1,-1,-1
1084,248,1117,307,315,296,1,-1,-1,-1
1084,250,871,153,172,140,1,-1,-1,-1
1085,248,1117,305,309,288,1,-1,-1,-1
1085,250,871,155,173,139,1,-1,-1,-1
1086,248,1118,302,306,279,1,-1,-1,-1
1086,250,870,157,174,141,1,-1,-1,-1
1087,248,1117,299,304,274,1,-1,-1,-1
1087,250,869,158,176,144,1,-1,-1,-1
1088,248,1115,294,304,273,1,-1,-1,-1
1088,250,867,161,179,143,1,-1,-1,-1
1089,248,1114,292,300,270,1,-1,-1,-1
1089,250,867,162,180,143,1,-1,-1,-1
1090,248,1115,288,297,266,1,-1,-1,-1
1090,250,866,163,180,140,1,-1,-1,-1
1091,248,1118,286,289,262,1,-1,-1,-1
1091,250,866,166,181,142,1,-1,-1,-1
1092,248,1109,281,285,260,1,-1,-1,-1
1092,250,865,170,182,144,1,-1,-1,-1
1093,248,1111,274,279,260,1,-1,-1,-1
1093,250,865,173,183,145,1,-1,-1,-1
1094,248,1110,268,277,263,1,-1,-1,-1
1094,250,864,176,184,147,1,-1,-1,-1
1095,248,1113,266,272,262,1,-1,-1,-1
1095,250,863,178,187,149,1,-1,-1,-1
1096,248,1109,260,272,253,1,-1,-1,-1
1096,250,864,180,185,150,1,-1,-1,-1
1097,248,1110,262,267,246,1,-1,-1,-1
1097,250,864,181,184,152,1,-1,-1,-1
1098,248,1109,261,265,240,1,-1,-1,-1
1098,250,864,180,183,157,1,-1,-1,-1
1099,248,1109,258,261,237,1,-1,-1,-1
1099,250,861,180,187,161,1,-1,-1,-1
1100,248,1107,253,262,234,1,-1,-1,-1
1100,250,857,181,190,164,1,-1,-1,-1
1101,248,1106,250,260,232,1,-1,-1,-1
1101,250,854,182,194,166,1,-1,-1,-1
1102,248,1103,248,260,229,1,-1,-1,-1
1102,250,852,183,195,169,1,-1,-1,-1
1103,248,1101,245,257,228,1,-1,-1,-1
1103,250,850,185,196,168,1,-1,-1,-1
1104,248,1100,242,252,226,1,-1,-1,-1
1104,250,847,187,199,166,1,-1,-1,-1
1105,248,1101,239,245,223,1,-1,-1,-1
1105,250,846,189,201,164,1,-1,-1,-1
1106,248,1100,236,239,219,1,-1,-1,-1
1106,250,845,197,204,165,1,-1,-1,-1
1107,248,1096,234,239,217,1,-1,-1,-1
1107,250,844,205,206,165,1,-1,-1,-1
1108,248,1090,232,240,213,1,-1,-1,-1
1108,250,843,207,202,165,1,-1,-1,-1
1109,248,1086,228,240,212,1,-1,-1,-1
1109,250,843,209,200,166,1,-1,-1,-1
1110,248,1085,224,237,212,1,-1,-1,-1
1110,250,843,209,199,169,1,-1,-1,-1
1111,248,1082,219,237,213,1,-1,-1,-1
1111,250,841,211,200,173,1,-1,-1,-1
1112,248,1080,217,237,211,1,-1,-1,-1
1112,250,838,213,205,175,1,-1,-1,-1
1113,248,1084,203,224,217,1,-1,-1,-1
1113,250,835,215,209,179,1,-1,-1,-1
1114,248,1083,204,218,212,1,-1,-1,-1
1114,250,831,216,212,180,1,-1,-1,-1
1115,248,1081,202,216,211,1,-1,-1,-1
1115,250,827,217,218,180,1,-1,-1,-1
1116,248,1080,202,217,208,1,-1,-1,-1
1116,250,824,224,223,184,1,-1,-1,-1
1117,248,1079,200,216,205,1,-1,-1,-1
1117,250,821,230,228,187,1,-1,-1,-1
1118,248,1078,198,216,201,1,-1,-1,-1
1118,250,821,230,226,189,1,-1,-1,-1
1119,248,1060,193,234,208,1,-1,-1,-1
1119,250,821,233,224,190,1,-1,-1,-1
1120,248,1059,190,233,205,1,-1,-1,-1
1120,250,821,236,224,189,1,-1,-1,-1
1121,248,1062,192,229,194,1,-1,-1,-1
1121,250,819,239,228,191,1,-1,-1,-1
1122,248,1061,190,227,194,1,-1,-1,-1
1122,250,814,243,233,190,1,-1,-1,-1
1123,248,1061,190,224,193,1,-1,-1,-1
1123,250,812,244,234,205,1,-1,-1,-1
1124,248,1060,184,221,180,1,-1,-1,-1
1124,250,810,244,235,219,1,-1,-1,-1
1125,248,1059,181,220,184,1,-1,-1,-1
1125,250,809,247,238,221,1,-1,-1,-1
1126,248,1061,179,213,186,1,-1,-1,-1
1126,250,808,251,239,223,1,-1,-1,-1
1127,248,1063,178,208,185,1,-1,-1,-1
1127,250,806,257,240,224,1,-1,-1,-1
1128,248,1065,176,201,183,1,-1,-1,-1
1128,250,804,262,241,227,1,-1,-1,-1
1129,248,1065,176,199,179,1,-1,-1,-1
1129,250,799,267,245,228,1,-1,-1,-1
1130,248,1064,175,196,175,1,-1,-1,-1
1130,250,795,269,252,230,1,-1,-1,-1
1131,248,1063,174,195,172,1,-1,-1,-1
1131,250,789,269,259,234,1,-1,-1,-1
1132,248,1063,172,191,171,1,-1,-1,-1
1132,250,788,287,261,221,1,-1,-1,-1
1133,248,1063,169,190,171,1,-1,-1,-1
1133,250,786,291,263,222,1,-1,-1,-1
1134,248,1062,166,189,174,1,-1,-1,-1
1134,250,780,298,272,222,1,-1,-1,-1
1135,248,1061,163,188,176,1,-1,-1,-1
1135,250,774,305,282,223,1,-1,-1,-1
1136,248,1063,161,187,176,1,-1,-1,-1
1136,250,769,310,286,227,1,-1,-1,-1
1137,248,1063,161,187,174,1,-1,-1,-1
1137,250,766,313,289,231,1,-1,-1,-1
1138,248,1066,150,185,178,1,-1,-1,-1
1138,250,764,314,290,235,1,-1,-1,-1
1139,248,1066,150,184,176,1,-1,-1,-1
1139,250,758,317,298,241,1,-1,-1,-1
1140,248,1067,150,182,173,1,-1,-1,-1
1140,250,756,321,303,250,1,-1,-1,-1
1141,248,1067,149,180,171,1,-1,-1,-1
1141,250,751,324,307,259,1,-1,-1,-1
1142,248,1069,148,178,167,1,-1,-1,-1
1142,250,748,325,308,266,1,-1,-1,-1
1143,248,1069,148,177,165,1,-1,-1,-1
1143,250,744,336,311,271,1,-1,-1,-1
1144,248,1069,146,177,163,1,-1,-1,-1
1144,250,740,338,316,274,1,-1,-1,-1
1145,248,1070,146,178,161,1,-1,-1,-1
1145,250,736,340,318,281,1,-1,-1,-1
1146,248,1070,144,177,161,1,-1,-1,-1
1146,250,733,346,319,279,1,-1,-1,-1
1147,248,1071,143,177,161,1,-1,-1,-1
1147,250,729,355,304,282,1,-1,-1,-1
1148,248,1071,141,177,160,1,-1,-1,-1
1148,250,725,361,308,286,1,-1,-1,-1
1149,248,1071,140,177,160,1,-1,-1,-1
1149,250,719,368,315,289,1,-1,-1,-1
1150,248,1071,139,177,158,1,-1,-1,-1
1150,250,715,373,319,296,1,-1,-1,-1
1151,248,1072,137,175,158,1,-1,-1,-1
1151,250,705,374,332,306,1,-1,-1,-1
1152,248,1074,137,173,158,1,-1,-1,-1
1152,250,688,392,349,305,1,-1,-1,-1
1153,248,1075,136,171,156,1,-1,-1,-1
1153,250,682,396,351,307,1,-1,-1,-1
1154,248,1077,137,168,153,1,-1,-1,-1
1154,250,675,403,354,308,1,-1,-1,-1
1155,248,1078,137,167,151,1,-1,-1,-1
1155,250,669,413,358,310,1,-1,-1,-1
1156,248,1080,137,166,149,1,-1,-1,-1
1156,250,662,422,361,318,1,-1,-1,-1
1157,248,1082,125,166,157,1,-1,-1,-1
1157,250,651,429,369,329,1,-1,-1,-1
1158,248,1084,124,165,157,1,-1,-1,-1
1158,250,639,434,377,338,1,-1,-1,-1
1159,248,1085,124,164,157,1,-1,-1,-1
1159,249,1122,726,462,354,1,-1,-1,-1
1159,250,628,447,389,345,1,-1,-1,-1
1160,248,1086,124,163,157,1,-1,-1,-1
1160,249,1121,706,472,374,1,-1,-1,-1
1160,250,608,457,393,336,1,-1,-1,-1
1161,248,1087,123,161,156,1,-1,-1,-1
1161,249,1120,687,481,393,1,-1,-1,-1
1161,250,601,463,398,342,1,-1,-1,-1
1162,248,1087,123,160,154,1,-1,-1,-1
1162,249,1119,667,491,413,1,-1,-1,-1
1162,250,591,476,400,342,1,-1,-1,-1
1163,248,1087,124,161,152,1,-1,-1,-1
1163,249,1125,649,483,419,1,-1,-1,-1
1163,250,576,487,409,352,1,-1,-1,-1
1164,248,1088,124,161,150,1,-1,-1,-1
1164,249,1131,628,473,426,1,-1,-1,-1
1164,250,560,498,418,361,1,-1,-1,-1
1165,248,1091,124,160,146,1,-1,-1,-1
1165,249,1135,613,469,424,1,-1,-1,-1
1165,250,545,510,427,371,1,-1,-1,-1
1166,248,1092,123,160,144,1,-1,-1,-1
1166,249,1137,601,464,414,1,-1,-1,-1
1166,250,529,521,436,380,1,-1,-1,-1
1167,248,1093,123,160,141,1,-1,-1,-1
1167,249,1140,594,458,399,1,-1,-1,-1
1167,250,514,532,445,390,1,-1,-1,-1
1168,248,1094,122,158,139,1,-1,-1,-1
1168,249,1144,589,446,380,1,-1,-1,-1
1168,250,498,543,454,399,1,-1,-1,-1
1169,248,1096,122,157,134,1,-1,-1,-1
1169,249,1149,580,429,366,1,-1,-1,-1
1169,250,473,560,465,403,1,-1,-1,-1
1170,248,1097,121,156,132,1,-1,-1,-1
1170,249,1155,570,411,352,1,-1,-1,-1
1170,250,448,577,476,407,1,-1,-1,-1
1171,248,1098,121,156,131,1,-1,-1,-1
1171,249,1160,561,394,338,1,-1,-1,-1
1171,250,419,586,490,418,1,-1,-1,-1
1172,248,1098,119,156,131,1,-1,-1,-1
1172,249,1158,543,388,345,1,-1,-1,-1
1172,250,392,599,493,428,1,-1,-1,-1
1173,248,1100,117,154,133,1,-1,-1,-1
1173,249,1157,527,382,354,1,-1,-1,-1
1173,250,367,610,499,440,1,-1,-1,-1
1174,248,1101,116,153,132,1,-1,-1,-1
1174,249,1155,519,378,353,1,-1,-1,-1
1174,250,345,624,517,443,1,-1,-1,-1
1175,248,1102,115,152,132,1,-1,-1,-1
1175,249,1148,502,381,339,1,-1,-1,-1
1175,250,304,639,521,441,1,-1,-1,-1
1176,248,1103,114,150,131,1,-1,-1,-1
1176,249,1128,491,388,330,1,-1,-1,-1
1176,250,260,653,558,427,1,-1,-1,-1
1177,248,1105,114,149,131,1,-1,-1,-1
1177,249,1133,477,376,328,1,-1,-1,-1
1177,250,229,676,541,404,1,-1,-1,-1
1178,248,1106,113,148,130,1,-1,-1,-1
1178,249,1134,466,369,325,1,-1,-1,-1
1179,248,1107,112,147,130,1,-1,-1,-1
1179,249,1133,460,364,321,1,-1,-1,-1
1180,248,1108,111,146,129,1,-1,-1,-1
1180,249,1133,441,353,320,1,-1,-1,-1
1181,248,1109,110,145,129,1,-1,-1,-1
1181,249,1130,440,347,307,1,-1,-1,-1
1182,248,1110,109,143,128,1,-1,-1,-1
1182,249,1127,435,341,297,1,-1,-1,-1
1183,248,1111,108,142,127,1,-1,-1,-1
1183,249,1122,427,339,292,1,-1,-1,-1
1184,248,1112,107,141,127,1,-1,-1,-1
1184,249,1119,416,331,292,1,-1,-1,-1
1185,248,1114,107,140,126,1,-1,-1,-1
1185,249,1117,408,323,293,1,-1,-1,-1
1186,248,1115,106,139,126,1,-1,-1,-1
1186,249,1115,403,318,290,1,-1,-1,-1
1187,248,1116,105,137,125,1,-1,-1,-1
1187,249,1110,386,316,293,1,-1,-1,-1
1188,248,1117,104,136,125,1,-1,-1,-1
1188,249,1110,386,308,279,1,-1,-1,-1
1189,248,1118,103,135,124,1,-1,-1,-1
1189,249,1111,384,300,267,1,-1,-1,-1
1190,248,1119,102,134,123,1,-1,-1,-1
1190,249,1099,387,306,249,1,-1,-1,-1
1191,248,1121,101,132,124,1,-1,-1,-1
1191,249,1098,380,299,245,1,-1,-1,-1
1192,248,1123,100,131,125,1,-1,-1,-1
1192,249,1097,371,295,245,1,-1,-1,-1
1193,248,1124,99,131,125,1,-1,-1,-1
1193,249,1095,361,290,248,1,-1,-1,-1
1194,248,1124,98,132,125,1,-1,-1,-1
1194,249,1095,353,286,249,1,-1,-1,-1
1195,248,1124,96,132,125,1,-1,-1,-1
1195,249,1092,349,283,246,1,-1,-1,-1
1196,248,1125,95,131,125,1,-1,-1,-1
1196,249,1089,335,281,245,1,-1,-1,-1
1197,248,1125,93,131,125,1,-1,-1,-1
1197,249,1087,333,274,239,1,-1,-1,-1
1198,248,1124,92,131,125,1,-1,-1,-1
1198,249,1087,328,268,237,1,-1,-1,-1
1199,248,1124,91,130,125,1,-1,-1,-1
1199,249,1082,322,268,234,1,-1,-1,-1
1200,248,1124,89,130,127,1,-1,-1,-1
1200,249,1078,316,268,232,1,-1,-1,-1
1201,248,1125,88,130,127,1,-1,-1,-1
1201,249,1075,314,264,228,1,-1,-1,-1
1202,248,1125,87,131,128,1,-1,-1,-1
1202,249,1072,309,259,228,1,-1,-1,-1
1203,248,1125,86,130,128,1,-1,-1,-1
1203,249,1067,303,256,226,1,-1,-1,-1
1204,248,1125,85,130,129,1,-1,-1,-1
1204,249,1066,298,252,224,1,-1,-1,-1
1205,248,1125,84,129,129,1,-1,-1,-1
1205,249,1066,293,245,222,1,-1,-1,-1
1206,248,1126,84,128,129,1,-1,-1,-1
1206,249,1059,291,240,213,1,-1,-1,-1
1207,248,1126,84,128,128,1,-1,-1,-1
1207,249,1076,270,220,227,1,-1,-1,-1
1208,248,1125,84,128,127,1,-1,-1,-1
1208,249,1063,269,230,222,1,-1,-1,-1
1209,248,1123,84,129,127,1,-1,-1,-1
1209,249,1064,266,227,219,1,-1,-1,-1
1210,248,1122,83,129,127,1,-1,-1,-1
1210,249,1063,267,229,206,1,-1,-1,-1
1211,248,1122,83,129,125,1,-1,-1,-1
1211,249,1063,267,229,200,1,-1,-1,-1
1212,248,1122,83,128,125,1,-1,-1,-1
1212,249,1064,254,223,215,1,-1,-1,-1
1213,248,1122,82,127,124,1,-1,-1,-1
1213,249,1063,247,223,211,1,-1,-1,-1
1214,248,1120,87,131,116,1,-1,-1,-1
1214,249,1063,240,222,211,1,-1,-1,-1
1215,248,1120,87,130,114,1,-1,-1,-1
1215,249,1065,241,213,202,1,-1,-1,-1
1216,248,1120,87,130,113,1,-1,-1,-1
1216,249,1068,238,208,202,1,-1,-1,-1
1217,248,1120,87,130,112,1,-1,-1,-1
1217,249,1069,237,204,196,1,-1,-1,-1
1218,248,1115,85,125,114,1,-1,-1,-1
1218,249,1070,238,200,187,1,-1,-1,-1
1219,248,1115,85,124,112,1,-1,-1,-1
1219,249,1070,236,200,184,1,-1,-1,-1
1220,248,1114,84,124,113,1,-1,-1,-1
1220,249,1067,233,201,183,1,-1,-1,-1
1221,248,1113,83,128,114,1,-1,-1,-1
1221,249,1064,230,202,183,1,-1,-1,-1
1222,248,1115,78,128,122,1,-1,-1,-1
1222,249,1064,217,200,188,1,-1,-1,-1
1223,248,1116,77,125,122,1,-1,-1,-1
1223,249,1065,214,195,188,1,-1,-1,-1
1224,248,1111,83,130,111,1,-1,-1,-1
1224,249,1065,210,191,188,1,-1,-1,-1
1225,248,1111,83,129,108,1,-1,-1,-1
1225,249,1067,209,187,186,1,-1,-1,-1
1226,248,1111,84,128,107,1,-1,-1,-1
1226,249,1067,208,187,179,1,-1,-1,-1
1227,248,1111,84,128,107,1,-1,-1,-1
1227,249,1067,206,186,175,1,-1,-1,-1
1228,248,1109,83,127,107,1,-1,-1,-1
1228,249,1067,205,186,171,1,-1,-1,-1
1229,248,1108,83,127,108,1,-1,-1,-1
1229,249,1067,204,185,168,1,-1,-1,-1
1230,248,1108,83,127,108,1,-1,-1,-1
1230,249,1067,203,185,166,1,-1,-1,-1
1231,248,1108,83,125,108,1,-1,-1,-1
1231,249,1067,203,184,164,1,-1,-1,-1
1232,248,1109,83,125,107,1,-1,-1,-1
1232,249,1072,193,180,167,1,-1,-1,-1
1233,248,1108,74,125,111,1,-1,-1,-1
1233,249,1072,192,178,166,1,-1,-1,-1
1234,248,1108,75,124,110,1,-1,-1,-1
1234,249,1074,192,175,165,1,-1,-1,-1
1235,248,1107,75,125,110,1,-1,-1,-1
1235,249,1074,189,173,163,1,-1,-1,-1
1236,248,1105,74,127,111,1,-1,-1,-1
1236,249,1076,186,171,160,1,-1,-1,-1
1237,248,1104,73,128,112,1,-1,-1,-1
1237,249,1077,183,172,156,1,-1,-1,-1
1238,248,1103,74,128,110,1,-1,-1,-1
1238,249,1079,182,168,151,1,-1,-1,-1
1239,248,1103,75,127,108,1,-1,-1,-1
1239,249,1080,183,166,146,1,-1,-1,-1
1240,248,1103,75,124,105,1,-1,-1,-1
1240,249,1083,184,162,141,1,-1,-1,-1
1241,248,1103,75,123,105,1,-1,-1,-1
1241,249,1083,181,162,141,1,-1,-1,-1
1242,248,1103,75,123,104,1,-1,-1,-1
1242,249,1083,177,162,142,1,-1,-1,-1
1243,248,1103,75,122,104,1,-1,-1,-1
1243,249,1083,174,161,142,1,-1,-1,-1
1244,248,1103,75,122,104,1,-1,-1,-1
1244,249,1083,170,161,143,1,-1,-1,-1
1245,248,1103,75,121,103,1,-1,-1,-1
1245,249,1083,167,161,143,1,-1,-1,-1
1246,248,1103,75,121,103,1,-1,-1,-1
1246,249,1085,165,157,144,1,-1,-1,-1
1247,248,1102,75,120,102,1,-1,-1,-1
1247,249,1086,162,155,149,1,-1,-1,-1
1248,248,1102,75,120,102,1,-1,-1,-1
1248,249,1086,163,154,144,1,-1,-1,-1
1249,248,1102,75,119,102,1,-1,-1,-1
1249,249,1085,162,155,141,1,-1,-1,-1
1250,248,1102,75,119,101,1,-1,-1,-1
1250,249,1085,160,154,138,1,-1,-1,-1
1251,248,1102,75,118,101,1,-1,-1,-1
1251,249,1085,157,154,136,1,-1,-1,-1
1252,248,1102,75,118,101,1,-1,-1,-1
1252,249,1085,155,152,136,1,-1,-1,-1
1253,248,1102,75,117,100,1,-1,-1,-1
1253,249,1085,153,150,136,1,-1,-1,-1
1254,248,1102,75,117,100,1,-1,-1,-1
1254,249,1085,153,146,134,1,-1,-1,-1
1255,248,1102,75,116,100,1,-1,-1,-1
1255,249,1085,152,144,133,1,-1,-1,-1
1256,248,1102,75,116,99,1,-1,-1,-1
1256,249,1086,152,142,131,1,-1,-1,-1
1257,248,1102,75,115,99,1,-1,-1,-1
1257,249,1086,149,140,132,1,-1,-1,-1
1258,248,1102,75,115,99,1,-1,-1,-1
1258,249,1086,148,139,131,1,-1,-1,-1
1259,248,1102,75,114,98,1,-1,-1,-1
1259,249,1086,145,136,134,1,-1,-1,-1
1260,248,1101,76,114,98,1,-1,-1,-1
1260,249,1085,144,138,134,1,-1,-1,-1
1261,248,1101,76,113,97,1,-1,-1,-1
1261,249,1084,144,138,134,1,-1,-1,-1
1262,248,1101,76,113,97,1,-1,-1,-1
1262,249,1084,137,136,131,1,-1,-1,-1
1263,248,1101,76,112,97,1,-1,-1,-1
1263,249,1083,139,135,127,1,-1,-1,-1
1264,248,1101,76,112,96,1,-1,-1,-1
1264,249,1083,139,134,124,1,-1,-1,-1
1265,248,1101,76,111,96,1,-1,-1,-1
1265,249,1082,142,134,120,1,-1,-1,-1
1266,248,1101,76,111,96,1,-1,-1,-1
1266,249,1082,141,134,118,1,-1,-1,-1
1267,248,1101,76,110,95,1,-1,-1,-1
1267,249,1081,140,133,117,1,-1,-1,-1
1268,248,1101,76,110,95,1,-1,-1,-1
1268,249,1082,138,132,117,1,-1,-1,-1
1269,248,1101,76,109,95,1,-1,-1,-1
1269,249,1081,135,132,117,1,-1,-1,-1
1270,248,1101,76,109,94,1,-1,-1,-1
1270,249,1080,133,133,117,1,-1,-1,-1
1271,248,1101,76,108,94,1,-1,-1,-1
1271,249,1081,131,132,116,1,-1,-1,-1
1272,248,1101,76,108,94,1,-1,-1,-1
1272,249,1081,130,132,116,1,-1,-1,-1
1273,248,1100,76,107,93,1,-1,-1,-1
1273,249,1074,128,135,117,1,-1,-1,-1
1274,248,1100,76,107,93,1,-1,-1,-1
1274,249,1074,127,134,116,1,-1,-1,-1
1275,248,1100,76,106,92,1,-1,-1,-1
1275,249,1075,126,134,117,1,-1,-1,-1
1276,248,1100,76,106,92,1,-1,-1,-1
1276,249,1076,125,133,116,1,-1,-1,-1
1277,248,1100,76,105,92,1,-1,-1,-1
1277,249,1076,124,132,115,1,-1,-1,-1
1278,248,1100,76,105,91,1,-1,-1,-1
1278,249,1077,123,130,114,1,-1,-1,-1
1279,248,1100,76,104,91,1,-1,-1,-1
1279,249,1077,123,129,113,1,-1,-1,-1
1280,248,1099,76,104,91,1,-1,-1,-1
1280,249,1078,122,128,113,1,-1,-1,-1
1281,248,1099,76,103,90,1,-1,-1,-1
1281,249,1078,121,127,112,1,-1,-1,-1
1282,249,1079,120,126,111,1,-1,-1,-1
1283,249,1079,119,124,110,1,-1,-1,-1
1284,249,1080,118,123,109,1,-1,-1,-1
1285,249,1080,117,122,108,1,-1,-1,-1
1286,249,1081,117,121,107,1,-1,-1,-1
1287,249,1081,116,119,106,1,-1,-1,-1
1288,249,1082,115,118,105,1,-1,-1,-1
1289,249,1083,114,117,105,1,-1,-1,-1
1290,249,1083,113,116,104,1,-1,-1,-1
1291,249,1084,112,115,103,1,-1,-1,-1
1292,249,1084,111,113,102,1,-1,-1,-1
1293,249,1085,111,112,101,1,-1,-1,-1
1294,249,1085,110,111,100,1,-1,-1,-1
1295,249,1086,109,110,99,1,-1,-1,-1
1296,249,1086,108,109,98,1,-1,-1,-1
1297,249,1087,107,107,97,1,-1,-1,-1
1298,249,1087,106,106,96,1,-1,-1,-1
1299,249,1088,105,105,96,1,-1,-1,-1
1300,249,1088,105,104,95,1,-1,-1,-1
1301,249,1089,104,102,94,1,-1,-1,-1
1302,249,1089,103,101,93,1,-1,-1,-1
1303,249,1090,102,100,92,1,-1,-1,-1
1304,249,1090,101,100,92,1,-1,-1,-1
1305,249,1091,101,99,92,1,-1,-1,-1
1306,249,1091,100,99,92,1,-1,-1,-1
1307,249,1092,100,99,92,1,-1,-1,-1
1308,249,1092,99,98,91,1,-1,-1,-1
1309,249,1092,99,98,91,1,-1,-1,-1
1310,249,1093,98,97,91,1,-1,-1,-1
1311,249,1093,98,97,91,1,-1,-1,-1
1312,249,1093,97,97,91,1,-1,-1,-1
1313,249,1094,97,96,91,1,-1,-1,-1
1314,249,1094,96,96,91,1,-1,-1,-1
1315,249,1095,96,96,91,1,-1,-1,-1
1316,249,1095,95,95,90,1,-1,-1,-1
1317,249,1095,94,95,90,1,-1,-1,-1
1318,249,1096,94,94,90,1,-1,-1,-1
1319,249,1096,93,94,90,1,-1,-1,-1
1320,249,1096,93,94,90,1,-1,-1,-1
1321,249,1097,92,93,90,1,-1,-1,-1
1322,249,1097,92,93,90,1,-1,-1,-1
1323,249,1098,91,93,90,1,-1,-1,-1
1324,248,1074,63,96,82,1,-1,-1,-1
1324,249,1098,91,92,89,1,-1,-1,-1
1325,248,1073,63,97,82,1,-1,-1,-1
1325,249,1098,90,92,89,1,-1,-1,-1
1326,248,1072,62,97,82,1,-1,-1,-1
1326,249,1099,90,91,89,1,-1,-1,-1
1327,248,1070,61,97,83,1,-1,-1,-1
1327,249,1099,89,91,89,1,-1,-1,-1
1328,248,1069,61,97,83,1,-1,-1,-1
1328,249,1099,89,91,89,1,-1,-1,-1
1329,248,1068,60,97,83,1,-1,-1,-1
1329,249,1099,89,91,89,1,-1,-1,-1
1330,248,1067,59,97,83,1,-1,-1,-1
1330,249,1099,89,91,88,1,-1,-1,-1
1331,248,1065,57,96,83,1,-1,-1,-1
1331,249,1099,89,91,88,1,-1,-1,-1
1332,248,1064,56,96,83,1,-1,-1,-1
1332,249,1100,88,91,88,1,-1,-1,-1
1333,248,1062,55,95,83,1,-1,-1,-1
1333,249,1100,88,91,88,1,-1,-1,-1
1334,248,1061,53,95,83,1,-1,-1,-1
1334,249,1100,88,91,88,1,-1,-1,-1
1335,248,1059,52,94,83,1,-1,-1,-1
1335,249,1100,88,91,88,1,-1,-1,-1
1336,248,1058,51,94,82,1,-1,-1,-1
1336,249,1100,88,91,87,1,-1,-1,-1
1337,248,1056,49,93,82,1,-1,-1,-1
1337,249,1100,88,91,87,1,-1,-1,-1
1338,248,1055,48,93,82,1,-1,-1,-1
1338,249,1100,88,91,87,1,-1,-1,-1
1339,248,1053,47,92,82,1,-1,-1,-1
1339,249,1100,88,91,87,1,-1,-1,-1
1340,248,1052,45,92,82,1,-1,-1,-1
1340,249,1101,87,91,87,1,-1,-1,-1
1341,248,1050,44,91,82,1,-1,-1,-1
1341,249,1101,87,91,87,1,-1,-1,-1
1342,248,1048,43,91,82,1,-1,-1,-1
1342,249,1101,87,91,86,1,-1,-1,-1
1343,248,1046,42,91,81,1,-1,-1,-1
1343,249,1101,87,91,86,1,-1,-1,-1
1344,248,1044,41,91,81,1,-1,-1,-1
1344,249,1101,87,91,86,1,-1,-1,-1
1345,248,1042,40,91,81,1,-1,-1,-1
1345,249,1101,87,91,86,1,-1,-1,-1
1346,248,1040,39,90,81,1,-1,-1,-1
1346,249,1101,87,91,86,1,-1,-1,-1
1347,248,1038,38,90,80,1,-1,-1,-1
1347,249,1101,87,91,86,1,-1,-1,-1
1348,248,1036,37,90,80,1,-1,-1,-1
1348,249,1101,87,91,86,1,-1,-1,-1
1349,248,1034,36,90,80,1,-1,-1,-1
1349,249,1101,87,91,86,1,-1,-1,-1
1350,248,1031,34,90,79,1,-1,-1,-1
1350,249,1100,87,91,86,1,-1,-1,-1
1351,248,1029,33,90,79,1,-1,-1,-1
1351,249,1100,87,92,86,1,-1,-1,-1
1352,248,1027,32,90,79,1,-1,-1,-1
1352,249,1100,87,92,86,1,-1,-1,-1
1353,248,1025,31,90,78,1,-1,-1,-1
1353,249,1100,87,92,86,1,-1,-1,-1
1354,248,1023,30,89,78,1,-1,-1,-1
1354,249,1100,87,92,86,1,-1,-1,-1
1355,248,1021,29,89,78,1,-1,-1,-1
1355,249,1100,87,92,85,1,-1,-1,-1
1356,248,1019,28,89,78,1,-1,-1,-1
1356,249,1100,87,92,85,1,-1,-1,-1
1357,248,1017,27,89,77,1,-1,-1,-1
1357,249,1100,87,92,85,1,-1,-1,-1
1358,248,1015,26,89,77,1,-1,-1,-1
1358,249,1100,87,92,85,1,-1,-1,-1
1359,248,1013,25,89,77,1,-1,-1,-1
1359,249,1100,87,92,85,1,-1,-1,-1
1360,248,1011,23,89,77,1,-1,-1,-1
1360,249,1100,87,92,85,1,-1,-1,-1
1361,248,1010,22,89,78,1,-1,-1,-1
1361,249,1100,87,92,85,1,-1,-1,-1
1362,248,1008,21,89,78,1,-1,-1,-1
1362,249,1099,87,92,85,1,-1,-1,-1
1363,248,1006,20,89,78,1,-1,-1,-1
1363,249,1099,87,92,85,1,-1,-1,-1
1364,248,1004,18,89,78,1,-1,-1,-1
1364,249,1099,87,93,85,1,-1,-1,-1
1365,248,1002,17,89,78,1,-1,-1,-1
1365,249,1099,87,93,85,1,-1,-1,-1
1366,248,1000,16,89,78,1,-1,-1,-1
1366,249,1099,87,93,85,1,-1,-1,-1
1367,248,999,15,89,79,1,-1,-1,-1
1367,249,1099,87,93,85,1,-1,-1,-1
1368,248,997,13,89,79,1,-1,-1,-1
1368,249,1099,87,93,85,1,-1,-1,-1
1369,248,995,12,89,79,1,-1,-1,-1
1369,249,1099,87,93,85,1,-1,-1,-1
1370,248,994,11,88,78,1,-1,-1,-1
1370,249,1099,87,93,85,1,-1,-1,-1
1371,248,992,10,87,76,1,-1,-1,-1
1371,249,1099,87,93,85,1,-1,-1,-1
1372,248,991,10,86,75,1,-1,-1,-1
1372,249,1099,87,93,85,1,-1,-1,-1
1373,248,990,9,85,73,1,-1,-1,-1
1373,249,1098,87,93,85,1,-1,-1,-1
1374,248,988,8,84,72,1,-1,-1,-1
1374,249,1098,87,93,85,1,-1,-1,-1
1375,248,987,7,83,70,1,-1,-1,-1
1375,249,1098,87,93,84,1,-1,-1,-1
1376,248,985,6,83,69,1,-1,-1,-1
1376,249,1098,87,93,84,1,-1,-1,-1
1377,248,984,5,83,69,1,-1,-1,-1
1377,249,1098,87,93,84,1,-1,-1,-1
1378,248,982,5,83,68,1,-1,-1,-1
1378,249,1098,87,94,84,1,-1,-1,-1
1379,248,980,4,83,68,1,-1,-1,-1
1379,249,1098,87,94,84,1,-1,-1,-1
1380,248,979,3,82,67,1,-1,-1,-1
1380,249,1098,87,94,84,1,-1,-1,-1
1381,248,977,2,82,67,1,-1,-1,-1
1381,249,1098,87,94,84,1,-1,-1,-1
1382,248,975,2,82,66,1,-1,-1,-1
1382,249,1098,87,94,84,1,-1,-1,-1
1383,248,974,1,82,66,1,-1,-1,-1
1383,249,1098,87,94,84,1,-1,-1,-1
1384,248,972,0,82,65,1,-1,-1,-1
1384,249,1098,87,94,84,1,-1,-1,-1
1385,248,971,0,82,64,1,-1,-1,-1
1385,249,1097,86,94,84,1,-1,-1,-1
1386,248,970,0,83,63,1,-1,-1,-1
1386,249,1097,86,94,84,1,-1,-1,-1
1387,248,969,0,83,62,1,-1,-1,-1
1387,249,1097,86,94,84,1,-1,-1,-1
1388,248,968,0,83,61,1,-1,-1,-1
1388,249,1097,86,94,84,1,-1,-1,-1
1389,249,1097,86,94,84,1,-1,-1,-1
1390,249,1097,86,94,84,1,-1,-1,-1
1391,249,1097,86,95,84,1,-1,-1,-1
1392,249,1097,86,95,84,1,-1,-1,-1
1392,252,697,80,190,85,1,-1,-1,-1
1393,249,1097,86,95,84,1,-1,-1,-1
1393,252,715,81,188,84,1,-1,-1,-1
1394,249,1097,86,95,84,1,-1,-1,-1
1394,252,732,82,186,82,1,-1,-1,-1
1395,249,1097,86,95,83,1,-1,-1,-1
1395,252,748,83,182,81,1,-1,-1,-1
1396,249,1096,86,95,83,1,-1,-1,-1
1396,252,764,83,177,81,1,-1,-1,-1
1397,249,1096,86,95,83,1,-1,-1,-1
1397,252,780,84,173,80,1,-1,-1,-1
1398,249,1096,86,95,83,1,-1,-1,-1
1398,252,796,85,169,79,1,-1,-1,-1
1399,249,1096,86,95,83,1,-1,-1,-1
1399,252,812,85,164,79,1,-1,-1,-1
1400,249,1096,86,95,83,1,-1,-1,-1
1400,252,828,86,160,78,1,-1,-1,-1
1401,249,1096,86,95,83,1,-1,-1,-1
1401,252,840,86,152,78,1,-1,-1,-1
1402,249,1096,86,95,83,1,-1,-1,-1
1402,252,853,86,144,78,1,-1,-1,-1
1403,249,1096,86,95,83,1,-1,-1,-1
1403,252,865,87,137,79,1,-1,-1,-1
1404,249,1096,86,96,83,1,-1,-1,-1
1404,252,878,87,129,79,1,-1,-1,-1
1405,249,1096,86,96,83,1,-1,-1,-1
1405,252,890,87,121,79,1,-1,-1,-1
1406,249,1096,86,96,83,1,-1,-1,-1
1406,252,896,88,118,79,1,-1,-1,-1
1407,249,1095,86,96,83,1,-1,-1,-1
1407,252,901,89,116,79,1,-1,-1,-1
1408,249,1095,86,96,83,1,-1,-1,-1
1408,252,907,90,113,79,1,-1,-1,-1
1409,249,1095,86,96,83,1,-1,-1,-1
1409,252,912,90,110,79,1,-1,-1,-1
1410,249,1095,86,96,83,1,-1,-1,-1
1410,252,918,91,108,79,1,-1,-1,-1
1411,249,1095,86,96,83,1,-1,-1,-1
1411,252,923,92,105,79,1,-1,-1,-1
1412,249,1095,86,96,83,1,-1,-1,-1
1412,252,925,93,104,79,1,-1,-1,-1
1413,249,1095,86,96,83,1,-1,-1,-1
1413,252,926,93,103,79,1,-1,-1,-1
1414,249,1095,86,96,83,1,-1,-1,-1
1414,252,928,94,102,79,1,-1,-1,-1
1415,249,1095,86,96,82,1,-1,-1,-1
1415,252,929,94,101,79,1,-1,-1,-1
1416,249,1095,86,96,82,1,-1,-1,-1
1416,252,931,95,101,79,1,-1,-1,-1
1417,249,1095,86,96,82,1,-1,-1,-1
1417,252,932,96,100,79,1,-1,-1,-1
1418,249,1095,86,97,82,1,-1,-1,-1
1418,252,934,96,99,79,1,-1,-1,-1
1419,249,1094,86,97,82,1,-1,-1,-1
1419,252,935,97,98,79,1,-1,-1,-1
1420,249,1094,86,97,82,1,-1,-1,-1
1420,252,937,97,97,79,1,-1,-1,-1
1421,249,1094,86,97,82,1,-1,-1,-1
1421,252,938,98,96,79,1,-1,-1,-1
1422,249,1094,86,97,82,1,-1,-1,-1
1422,252,937,99,97,79,1,-1,-1,-1
1423,249,1094,86,97,82,1,-1,-1,-1
1423,252,937,99,97,80,1,-1,-1,-1
1424,249,1094,86,97,82,1,-1,-1,-1
1424,252,936,100,98,80,1,-1,-1,-1
1425,249,1093,86,97,82,1,-1,-1,-1
1425,252,935,101,98,80,1,-1,-1,-1
1426,249,1093,85,97,82,1,-1,-1,-1
1426,252,935,102,99,81,1,-1,-1,-1
1427,249,1092,85,97,82,1,-1,-1,-1
1427,252,934,102,99,81,1,-1,-1,-1
1428,249,1092,85,96,81,1,-1,-1,-1
1428,252,934,103,100,82,1,-1,-1,-1
1429,249,1091,85,96,81,1,-1,-1,-1
1429,252,933,104,100,82,1,-1,-1,-1
1430,249,1090,84,96,81,1,-1,-1,-1
1430,252,932,105,101,82,1,-1,-1,-1
1431,249,1090,84,96,81,1,-1,-1,-1
1431,252,932,105,101,83,1,-1,-1,-1
1432,249,1089,84,96,81,1,-1,-1,-1
1432,252,931,106,102,83,1,-1,-1,-1
1433,249,1089,84,96,81,1,-1,-1,-1
1433,252,930,107,102,83,1,-1,-1,-1
1434,249,1088,83,96,81,1,-1,-1,-1
1434,252,930,108,103,84,1,-1,-1,-1
1435,249,1088,83,95,80,1,-1,-1,-1
1435,252,929,108,103,84,1,-1,-1,-1
1436,249,1087,83,95,80,1,-1,-1,-1
1436,252,929,109,104,85,1,-1,-1,-1
1437,249,1086,82,95,80,1,-1,-1,-1
1437,252,928,110,104,85,1,-1,-1,-1
1438,249,1086,82,95,80,1,-1,-1,-1
1438,252,927,111,105,85,1,-1,-1,-1
1439,249,1085,82,95,80,1,-1,-1,-1
1439,252,927,111,105,86,1,-1,-1,-1
1440,249,1085,82,95,80,1,-1,-1,-1
1440,252,926,112,106,86,1,-1,-1,-1
1441,249,1084,81,95,80,1,-1,-1,-1
1441,252,925,113,107,87,1,-1,-1,-1
1442,249,1083,81,95,80,1,-1,-1,-1
1442,252,925,114,107,87,1,-1,-1,-1
1443,249,1083,81,94,79,1,-1,-1,-1
1443,252,924,115,108,88,1,-1,-1,-1
1444,249,1082,80,94,79,1,-1,-1,-1
1444,252,924,116,108,89,1,-1,-1,-1
1444,253,859,0,71,52,1,-1,-1,-1
1445,249,1082,80,94,79,1,-1,-1,-1
1445,252,923,117,109,89,1,-1,-1,-1
1445,253,860,0,71,54,1,-1,-1,-1
1446,249,1081,80,94,79,1,-1,-1,-1
1446,252,923,118,109,90,1,-1,-1,-1
1446,253,861,0,71,55,1,-1,-1,-1
1447,249,1081,80,94,79,1,-1,-1,-1
1447,252,922,119,110,91,1,-1,-1,-1
1447,253,862,0,71,57,1,-1,-1,-1
1448,249,1080,79,94,79,1,-1,-1,-1
1448,252,922,120,110,91,1,-1,-1,-1
1448,253,862,0,72,58,1,-1,-1,-1
1449,249,1079,79,94,79,1,-1,-1,-1
1449,252,921,121,111,92,1,-1,-1,-1
1449,253,863,0,72,60,1,-1,-1,-1
1450,249,1079,79,93,78,1,-1,-1,-1
1450,252,921,122,111,93,1,-1,-1,-1
1450,253,864,0,72,61,1,-1,-1,-1
1451,249,1078,79,93,78,1,-1,-1,-1
1451,252,920,124,112,93,1,-1,-1,-1
1451,253,865,0,72,63,1,-1,-1,-1
1452,249,1078,78,93,78,1,-1,-1,-1
1452,252,920,125,112,94,1,-1,-1,-1
1452,253,866,1,72,64,1,-1,-1,-1
1453,249,1077,78,93,78,1,-1,-1,-1
1453,252,919,126,113,95,1,-1,-1,-1
1453,253,867,2,72,64,1,-1,-1,-1
1454,249,1076,77,93,78,1,-1,-1,-1
1454,252,919,127,113,95,1,-1,-1,-1
1454,253,868,3,73,65,1,-1,-1,-1
1455,249,1075,77,92,78,1,-1,-1,-1
1455,252,918,128,114,96,1,-1,-1,-1
1455,253,870,4,73,66,1,-1,-1,-1
1456,249,1074,76,92,77,1,-1,-1,-1
1456,252,918,129,114,97,1,-1,-1,-1
1456,253,871,4,73,67,1,-1,-1,-1
1457,249,1073,76,91,77,1,-1,-1,-1
1457,252,917,130,115,97,1,-1,-1,-1
1457,253,872,5,73,67,1,-1,-1,-1
1458,249,1072,75,91,77,1,-1,-1,-1
1458,252,917,131,115,98,1,-1,-1,-1
1458,253,873,6,73,68,1,-1,-1,-1
1459,249,1071,75,90,77,1,-1,-1,-1
1459,252,916,132,116,99,1,-1,-1,-1
1459,253,874,7,74,69,1,-1,-1,-1
1460,249,1070,74,90,76,1,-1,-1,-1
1460,252,916,133,116,99,1,-1,-1,-1
1460,253,875,8,74,70,1,-1,-1,-1
1461,249,1069,74,89,76,1,-1,-1,-1
1461,252,915,134,117,100,1,-1,-1,-1
1461,253,877,9,74,70,1,-1,-1,-1
1462,249,1068,73,89,76,1,-1,-1,-1
1462,252,912,131,128,109,1,-1,-1,-1
1462,253,878,10,74,71,1,-1,-1,-1
1463,249,1067,72,88,76,1,-1,-1,-1
1463,252,908,128,138,118,1,-1,-1,-1
1463,253,879,11,75,72,1,-1,-1,-1
1464,249,1066,72,88,75,1,-1,-1,-1
1464,252,908,130,138,118,1,-1,-1,-1
1464,253,880,12,75,73,1,-1,-1,-1
1465,249,1065,71,87,75,1,-1,-1,-1
1465,252,907,132,139,117,1,-1,-1,-1
1465,253,881,13,75,73,1,-1,-1,-1
1466,249,1064,71,87,75,1,-1,-1,-1
1466,252,907,132,140,118,1,-1,-1,-1
1466,253,882,13,75,74,1,-1,-1,-1
1467,249,1063,70,86,75,1,-1,-1,-1
1467,252,907,134,140,118,1,-1,-1,-1
1467,253,884,14,75,75,1,-1,-1,-1
1468,249,1062,70,86,74,1,-1,-1,-1
1468,252,906,137,140,117,1,-1,-1,-1
1468,253,885,15,76,76,1,-1,-1,-1
1469,249,1061,69,85,74,1,-1,-1,-1
1469,252,905,139,141,117,1,-1,-1,-1
1469,253,886,16,76,76,1,-1,-1,-1
1470,249,1059,67,85,74,1,-1,-1,-1
1470,252,904,141,142,117,1,-1,-1,-1
1470,253,887,17,76,77,1,-1,-1,-1
1471,249,1057,66,85,74,1,-1,-1,-1
1471,252,902,142,144,118,1,-1,-1,-1
1471,253,888,18,76,77,1,-1,-1,-1
1472,249,1055,64,85,74,1,-1,-1,-1
1472,252,901,143,147,119,1,-1,-1,-1
1472,253,889,19,77,77,1,-1,-1,-1
1473,249,1053,63,85,75,1,-1,-1,-1
1473,252,899,143,147,119,1,-1,-1,-1
1473,253,890,21,77,78,1,-1,-1,-1
1474,249,1051,61,85,75,1,-1,-1,-1
1474,252,899,144,150,120,1,-1,-1,-1
1474,253,891,22,78,78,1,-1,-1,-1
1475,249,1049,60,85,75,1,-1,-1,-1
1475,252,899,144,147,134,1,-1,-1,-1
1475,253,892,23,78,78,1,-1,-1,-1
1476,249,1047,58,85,75,1,-1,-1,-1
1476,252,898,146,151,132,1,-1,-1,-1
1476,253,892,24,79,78,1,-1,-1,-1
1477,249,1046,57,86,75,1,-1,-1,-1
1477,252,896,149,152,129,1,-1,-1,-1
1477,253,893,25,79,78,1,-1,-1,-1
1478,249,1044,55,86,75,1,-1,-1,-1
1478,252,894,151,155,127,1,-1,-1,-1
1478,253,894,27,79,79,1,-1,-1,-1
1479,249,1042,54,86,75,1,-1,-1,-1
1479,252,892,153,157,127,1,-1,-1,-1
1479,253,895,28,80,79,1,-1,-1,-1
1480,249,1040,52,86,75,1,-1,-1,-1
1480,252,891,155,160,127,1,-1,-1,-1
1480,253,896,29,80,79,1,-1,-1,-1
1481,249,1038,51,86,76,1,-1,-1,-1
1481,252,889,157,161,127,1,-1,-1,-1
1481,253,897,30,81,79,1,-1,-1,-1
1482,249,1036,49,86,76,1,-1,-1,-1
1482,252,888,159,163,127,1,-1,-1,-1
1482,253,898,31,81,79,1,-1,-1,-1
1483,249,1034,48,86,76,1,-1,-1,-1
1483,252,885,161,165,128,1,-1,-1,-1
1483,253,899,32,82,79,1,-1,-1,-1
1484,249,1032,46,86,76,1,-1,-1,-1
1484,252,882,163,167,128,1,-1,-1,-1
1484,253,900,34,82,80,1,-1,-1,-1
1485,249,1030,45,85,76,1,-1,-1,-1
1485,252,880,165,171,131,1,-1,-1,-1
1485,253,901,35,82,80,1,-1,-1,-1
1486,249,1029,43,85,75,1,-1,-1,-1
1486,252,879,168,172,132,1,-1,-1,-1
1486,253,901,36,83,80,1,-1,-1,-1
1487,249,1027,42,84,75,1,-1,-1,-1
1487,252,878,169,172,135,1,-1,-1,-1
1487,253,902,37,83,80,1,-1,-1,-1
1488,249,1026,41,84,75,1,-1,-1,-1
1488,252,878,171,171,135,1,-1,-1,-1
1488,253,903,38,84,80,1,-1,-1,-1
1489,249,1024,39,83,74,1,-1,-1,-1
1489,252,879,172,168,134,1,-1,-1,-1
1489,253,904,40,84,81,1,-1,-1,-1
1490,249,1023,38,83,74,1,-1,-1,-1
1490,252,877,181,172,134,1,-1,-1,-1
1490,253,905,41,85,81,1,-1,-1,-1
1491,249,1021,37,82,74,1,-1,-1,-1
1491,252,878,183,171,133,1,-1,-1,-1
1491,253,906,42,85,81,1,-1,-1,-1
1492,249,1020,35,82,73,1,-1,-1,-1
1492,252,879,186,169,133,1,-1,-1,-1
1492,253,907,43,85,81,1,-1,-1,-1
1493,249,1018,34,81,73,1,-1,-1,-1
1493,252,878,187,171,135,1,-1,-1,-1
1493,253,907,43,85,81,1,-1,-1,-1
1494,249,1017,32,81,72,1,-1,-1,-1
1494,252,871,189,172,136,1,-1,-1,-1
1494,253,908,44,85,81,1,-1,-1,-1
1495,249,1015,31,80,72,1,-1,-1,-1
1495,252,875,189,175,141,1,-1,-1,-1
1495,253,909,45,85,81,1,-1,-1,-1
1496,249,1014,30,80,72,1,-1,-1,-1
1496,252,866,195,183,138,1,-1,-1,-1
1496,253,910,45,85,81,1,-1,-1,-1
1497,249,1012,28,79,71,1,-1,-1,-1
1497,252,863,196,187,143,1,-1,-1,-1
1497,253,910,46,85,81,1,-1,-1,-1
1498,249,1011,27,79,71,1,-1,-1,-1
1498,252,861,197,189,147,1,-1,-1,-1
1498,253,911,47,85,81,1,-1,-1,-1
1499,249,1009,26,78,71,1,-1,-1,-1
1499,252,860,198,190,150,1,-1,-1,-1
1499,253,912,48,85,81,1,-1,-1,-1
1500,249,1008,24,78,70,1,-1,-1,-1
1500,252,861,200,190,147,1,-1,-1,-1
1500,253,913,48,85,81,1,-1,-1,-1
1501,249,1006,23,77,70,1,-1,-1,-1
1501,252,862,205,188,143,1,-1,-1,-1
1501,253,913,49,85,81,1,-1,-1,-1
1502,249,1005,22,77,70,1,-1,-1,-1
1502,252,859,212,195,152,1,-1,-1,-1
1502,253,914,50,85,81,1,-1,-1,-1
1503,249,1003,21,77,69,1,-1,-1,-1
1503,252,859,215,194,154,1,-1,-1,-1
1503,253,915,50,85,81,1,-1,-1,-1
1504,249,1002,20,77,69,1,-1,-1,-1
1504,252,859,217,193,156,1,-1,-1,-1
1504,253,916,51,85,81,1,-1,-1,-1
1505,249,1000,18,76,69,1,-1,-1,-1
1505,252,859,219,195,158,1,-1,-1,-1
1505,253,916,52,85,81,1,-1,-1,-1
1506,249,999,17,76,68,1,-1,-1,-1
1506,252,858,222,197,163,1,-1,-1,-1
1506,253,917,52,85,81,1,-1,-1,-1
1507,249,997,16,76,68,1,-1,-1,-1
1507,252,856,223,201,167,1,-1,-1,-1
1507,253,918,53,85,81,1,-1,-1,-1
1508,249,996,15,76,68,1,-1,-1,-1
1508,252,855,225,201,171,1,-1,-1,-1
1508,253,919,54,85,81,1,-1,-1,-1
1509,249,995,14,76,67,1,-1,-1,-1
1509,252,855,228,200,168,1,-1,-1,-1
1509,253,919,55,85,81,1,-1,-1,-1
1510,249,993,13,76,67,1,-1,-1,-1
1510,252,856,236,201,179,1,-1,-1,-1
1510,253,920,55,85,81,1,-1,-1,-1
1511,249,992,12,76,66,1,-1,-1,-1
1511,252,855,240,201,179,1,-1,-1,-1
1511,253,921,56,85,81,1,-1,-1,-1
1512,249,990,10,75,66,1,-1,-1,-1
1512,252,853,246,206,179,1,-1,-1,-1
1512,253,922,57,85,81,1,-1,-1,-1
1513,249,989,9,75,66,1,-1,-1,-1
1513,252,846,251,216,182,1,-1,-1,-1
1513,253,922,57,85,81,1,-1,-1,-1
1514,249,987,8,75,65,1,-1,-1,-1
1514,252,842,255,222,182,1,-1,-1,-1
1514,253,923,58,85,81,1,-1,-1,-1
1515,249,986,7,75,65,1,-1,-1,-1
1515,252,840,258,227,183,1,-1,-1,-1
1515,253,923,59,85,81,1,-1,-1,-1
1516,249,985,6,74,64,1,-1,-1,-1
1516,252,844,270,221,184,1,-1,-1,-1
1516,253,924,59,86,81,1,-1,-1,-1
1517,249,984,5,74,63,1,-1,-1,-1
1517,252,843,272,222,187,1,-1,-1,-1
1517,253,924,60,86,81,1,-1,-1,-1
1518,249,983,5,73,62,1,-1,-1,-1
1518,252,839,276,231,190,1,-1,-1,-1
1518,253,924,61,86,81,1,-1,-1,-1
1519,249,982,4,72,61,1,-1,-1,-1
1519,252,835,281,235,193,1,-1,-1,-1
1519,253,925,61,86,81,1,-1,-1,-1
1520,249,981,3,72,61,1,-1,-1,-1
1520,252,833,279,239,207,1,-1,-1,-1
1520,253,925,62,87,81,1,-1,-1,-1
1521,249,980,2,71,60,1,-1,-1,-1
1521,252,841,298,229,196,1,-1,-1,-1
1521,253,925,63,87,81,1,-1,-1,-1
1522,249,979,2,70,59,1,-1,-1,-1
1522,252,838,302,232,198,1,-1,-1,-1
1522,253,926,63,87,81,1,-1,-1,-1
1523,249,978,1,70,58,1,-1,-1,-1
1523,252,836,307,237,201,1,-1,-1,-1
1523,253,926,64,87,81,1,-1,-1,-1
1524,249,977,0,69,57,1,-1,-1,-1
1524,252,832,314,243,205,1,-1,-1,-1
1524,253,927,65,88,81,1,-1,-1,-1
1525,249,974,0,72,55,1,-1,-1,-1
1525,252,825,319,254,209,1,-1,-1,-1
1525,253,927,65,88,80,1,-1,-1,-1
1526,249,972,0,74,54,1,-1,-1,-1
1526,252,819,325,262,215,1,-1,-1,-1
1526,253,927,66,88,80,1,-1,-1,-1
1527,249,969,0,77,52,1,-1,-1,-1
1527,252,814,330,268,220,1,-1,-1,-1
1527,253,928,66,88,80,1,-1,-1,-1
1528,252,812,335,270,224,1,-1,-1,-1
1528,253,928,67,89,80,1,-1,-1,-1
1529,252,810,340,271,228,1,-1,-1,-1
1529,253,928,68,89,80,1,-1,-1,-1
1530,252,806,340,273,237,1,-1,-1,-1
1530,253,929,68,89,80,1,-1,-1,-1
1531,252,804,359,275,233,1,-1,-1,-1
1531,253,929,69,89,80,1,-1,-1,-1
1532,252,799,364,281,242,1,-1,-1,-1
1532,253,929,70,90,80,1,-1,-1,-1
1533,252,793,372,287,246,1,-1,-1,-1
1533,253,930,70,90,80,1,-1,-1,-1
1534,252,785,381,296,245,1,-1,-1,-1
1534,253,930,71,90,80,1,-1,-1,-1
1535,252,775,389,306,249,1,-1,-1,-1
1535,253,930,71,90,80,1,-1,-1,-1
1536,252,767,396,312,255,1,-1,-1,-1
1536,253,931,72,90,80,1,-1,-1,-1
1537,252,763,397,317,268,1,-1,-1,-1
1537,253,931,72,90,81,1,-1,-1,-1
1538,252,756,418,326,270,1,-1,-1,-1
1538,253,932,72,90,81,1,-1,-1,-1
1539,252,753,426,330,272,1,-1,-1,-1
1539,253,932,72,90,81,1,-1,-1,-1
1540,252,747,437,338,272,1,-1,-1,-1
1540,253,933,73,90,81,1,-1,-1,-1
1541,252,739,447,344,277,1,-1,-1,-1
1541,253,933,73,90,82,1,-1,-1,-1
1542,252,728,451,352,297,1,-1,-1,-1
1542,253,934,73,90,82,1,-1,-1,-1
1543,252,722,470,356,299,1,-1,-1,-1
1543,253,934,74,90,82,1,-1,-1,-1
1544,252,713,471,366,310,1,-1,-1,-1
1544,253,934,74,89,82,1,-1,-1,-1
1545,252,704,478,378,320,1,-1,-1,-1
1545,253,935,74,89,82,1,-1,-1,-1
1546,252,693,499,375,319,1,-1,-1,-1
1546,253,935,74,89,83,1,-1,-1,-1
1547,252,682,505,387,333,1,-1,-1,-1
1547,253,936,75,89,83,1,-1,-1,-1
1548,252,665,535,405,326,1,-1,-1,-1
1548,253,936,75,89,83,1,-1,-1,-1
1549,252,654,546,406,336,1,-1,-1,-1
1549,253,937,75,89,83,1,-1,-1,-1
1550,252,638,564,413,337,1,-1,-1,-1
1550,253,937,75,89,84,1,-1,-1,-1
1551,252,608,579,436,360,1,-1,-1,-1
1551,253,938,76,89,84,1,-1,-1,-1
1552,252,578,593,458,382,1,-1,-1,-1
1552,253,938,76,89,84,1,-1,-1,-1
1553,252,553,601,463,403,1,-1,-1,-1
1553,253,938,77,89,84,1,-1,-1,-1
1554,252,527,611,472,419,1,-1,-1,-1
1554,253,938,77,90,85,1,-1,-1,-1
1555,252,480,631,488,426,1,-1,-1,-1
1555,253,939,78,90,85,1,-1,-1,-1
1556,252,446,652,514,426,1,-1,-1,-1
1556,253,939,78,90,85,1,-1,-1,-1
1557,252,395,674,543,406,1,-1,-1,-1
1557,253,939,79,90,85,1,-1,-1,-1
1558,252,353,708,528,372,1,-1,-1,-1
1558,253,939,79,91,86,1,-1,-1,-1
1559,252,295,731,553,349,1,-1,-1,-1
1559,253,940,80,91,86,1,-1,-1,-1
1560,253,940,80,91,86,1,-1,-1,-1
1561,253,940,81,92,87,1,-1,-1,-1
1562,253,940,81,92,87,1,-1,-1,-1
1563,253,941,82,92,87,1,-1,-1,-1
1564,253,941,82,93,88,1,-1,-1,-1
1565,253,941,83,93,88,1,-1,-1,-1
1566,253,941,83,93,88,1,-1,-1,-1
1567,253,942,84,93,88,1,-1,-1,-1
1568,253,942,84,94,89,1,-1,-1,-1
1569,253,942,85,94,89,1,-1,-1,-1
1570,253,942,86,95,90,1,-1,-1,-1
1571,253,941,86,95,90,1,-1,-1,-1
1572,253,941,87,96,91,1,-1,-1,-1
1573,253,940,88,96,91,1,-1,-1,-1
1574,253,940,88,97,92,1,-1,-1,-1
1575,253,939,89,98,92,1,-1,-1,-1
1576,253,939,90,98,93,1,-1,-1,-1
1577,253,939,90,99,93,1,-1,-1,-1
1578,253,938,91,100,94,1,-1,-1,-1
1579,253,938,92,100,94,1,-1,-1,-1
1580,253,937,92,101,95,1,-1,-1,-1
1581,253,937,93,101,95,1,-1,-1,-1
1582,253,936,94,102,96,1,-1,-1,-1
1583,253,936,94,103,96,1,-1,-1,-1
1584,253,936,95,103,97,1,-1,-1,-1
1585,253,935,96,104,97,1,-1,-1,-1
1586,253,935,96,105,98,1,-1,-1,-1
1587,253,934,97,105,98,1,-1,-1,-1
1588,253,934,98,106,99,1,-1,-1,-1
1589,253,933,98,106,99,1,-1,-1,-1
1590,253,933,99,107,100,1,-1,-1,-1
1591,253,932,100,108,101,1,-1,-1,-1
1592,253,932,101,108,101,1,-1,-1,-1
1593,253,931,102,109,102,1,-1,-1,-1
1594,253,931,103,109,102,1,-1,-1,-1
1595,253,930,104,110,103,1,-1,-1,-1
1596,253,929,105,110,103,1,-1,-1,-1
1597,253,929,106,111,104,1,-1,-1,-1
1598,253,928,107,111,104,1,-1,-1,-1
1599,253,928,108,112,105,1,-1,-1,-1
1600,253,927,109,112,105,1,-1,-1,-1
1601,253,926,110,113,106,1,-1,-1,-1
1602,253,926,111,113,106,1,-1,-1,-1
1603,253,925,112,114,107,1,-1,-1,-1
1604,253,925,113,114,107,1,-1,-1,-1
1605,253,924,114,115,108,1,-1,-1,-1
1606,253,923,115,116,109,1,-1,-1,-1
1607,253,923,117,117,110,1,-1,-1,-1
1608,253,922,118,118,110,1,-1,-1,-1
1609,253,922,119,119,111,1,-1,-1,-1
1610,253,921,120,119,112,1,-1,-1,-1
1611,253,921,122,120,113,1,-1,-1,-1
1612,253,920,123,121,113,1,-1,-1,-1
1613,253,920,124,122,114,1,-1,-1,-1
1614,253,919,126,123,115,1,-1,-1,-1
1615,253,918,127,124,116,1,-1,-1,-1
1616,253,918,128,125,117,1,-1,-1,-1
1617,253,917,129,126,117,1,-1,-1,-1
1618,253,917,131,127,118,1,-1,-1,-1
1619,253,916,132,127,119,1,-1,-1,-1
1620,253,916,133,128,120,1,-1,-1,-1
1621,253,915,134,129,120,1,-1,-1,-1
1622,253,915,136,130,121,1,-1,-1,-1
1623,253,914,137,131,122,1,-1,-1,-1
1624,253,914,139,133,124,1,-1,-1,-1
1625,253,913,140,134,125,1,-1,-1,-1
1626,253,913,142,136,127,1,-1,-1,-1
1627,253,913,143,138,129,1,-1,-1,-1
1628,253,913,145,140,130,1,-1,-1,-1
1629,253,912,146,141,132,1,-1,-1,-1
1630,253,912,148,143,134,1,-1,-1,-1
1631,253,912,150,145,135,1,-1,-1,-1
1632,253,911,151,146,137,1,-1,-1,-1
1633,253,911,153,148,139,1,-1,-1,-1
1634,253,911,154,150,140,1,-1,-1,-1
1635,253,911,156,152,142,1,-1,-1,-1
1636,253,910,157,153,144,1,-1,-1,-1
1637,253,910,159,155,145,1,-1,-1,-1
1638,253,910,161,157,147,1,-1,-1,-1
1639,253,909,162,158,149,1,-1,-1,-1
1640,253,909,164,160,150,1,-1,-1,-1
1641,253,909,165,162,152,1,-1,-1,-1
1642,253,909,167,164,154,1,-1,-1,-1
1643,253,908,168,165,155,1,-1,-1,-1
1644,253,908,170,167,157,1,-1,-1,-1
1645,253,907,171,171,158,1,-1,-1,-1
1646,253,907,173,173,160,1,-1,-1,-1
1647,253,905,175,176,161,1,-1,-1,-1
1648,253,905,177,175,165,1,-1,-1,-1
1649,253,904,176,178,171,1,-1,-1,-1
1650,253,904,177,178,177,1,-1,-1,-1
1651,253,902,178,180,183,1,-1,-1,-1
1652,253,901,182,182,183,1,-1,-1,-1
1653,253,900,184,184,182,1,-1,-1,-1
1654,253,898,197,189,177,1,-1,-1,-1
1655,253,896,196,193,184,1,-1,-1,-1
1656,253,896,196,193,188,1,-1,-1,-1
1657,253,895,199,191,189,1,-1,-1,-1
1658,253,896,200,189,193,1,-1,-1,-1
1659,253,895,204,189,197,1,-1,-1,-1
1660,253,891,207,195,199,1,-1,-1,-1
1661,253,887,211,199,198,1,-1,-1,-1
1662,253,882,226,207,194,1,-1,-1,-1
1663,253,879,226,208,200,1,-1,-1,-1
1664,253,874,228,210,205,1,-1,-1,-1
1665,253,869,232,219,207,1,-1,-1,-1
1666,253,866,236,222,208,1,-1,-1,-1
1667,253,866,236,221,222,1,-1,-1,-1
1668,253,863,242,222,221,1,-1,-1,-1
1669,253,858,247,226,220,1,-1,-1,-1
1670,253,855,254,227,219,1,-1,-1,-1
1671,253,854,260,226,220,1,-1,-1,-1
1672,253,853,267,224,221,1,-1,-1,-1
1673,253,837,266,238,230,1,-1,-1,-1
1674,253,833,274,243,232,1,-1,-1,-1
1675,253,828,282,247,233,1,-1,-1,-1
1676,253,824,290,252,235,1,-1,-1,-1
1677,253,819,297,257,236,1,-1,-1,-1
1678,253,815,305,261,238,1,-1,-1,-1
1679,253,810,313,266,239,1,-1,-1,-1
1680,253,805,318,270,244,1,-1,-1,-1
1681,253,799,324,274,249,1,-1,-1,-1
1682,253,789,327,283,257,1,-1,-1,-1
1683,253,777,326,292,268,1,-1,-1,-1
1684,253,774,334,288,279,1,-1,-1,-1
1685,253,770,342,285,281,1,-1,-1,-1
1686,253,762,350,288,284,1,-1,-1,-1
1687,253,753,358,294,292,1,-1,-1,-1
1688,253,744,364,299,301,1,-1,-1,-1
1689,253,740,372,304,307,1,-1,-1,-1
1690,253,721,375,318,317,1,-1,-1,-1
1691,253,717,392,320,317,1,-1,-1,-1
1692,253,707,397,325,323,1,-1,-1,-1
1693,253,695,411,331,323,1,-1,-1,-1
1694,253,677,423,343,331,1,-1,-1,-1
1695,253,662,432,353,341,1,-1,-1,-1
1696,253,650,446,359,347,1,-1,-1,-1
1697,253,636,442,371,367,1,-1,-1,-1
1698,253,617,464,373,355,1,-1,-1,-1
1699,253,600,481,385,354,1,-1,-1,-1
1700,253,574,497,398,365,1,-1,-1,-1
1701,253,549,512,411,375,1,-1,-1,-1
1702,253,523,528,425,386,1,-1,-1,-1
1703,253,497,544,438,397,1,-1,-1,-1
1704,253,472,559,451,407,1,-1,-1,-1
1705,253,446,575,464,418,1,-1,-1,-1
1706,253,410,586,473,430,1,-1,-1,-1
1707,253,379,598,482,446,1,-1,-1,-1
1708,253,324,620,495,448,1,-1,-1,-1
1709,253,279,632,531,448,1,-1,-1,-1
1710,253,236,657,530,423,1,-1,-1,-1
1711,253,193,682,528,398,1,-1,-1,-1
1874,255,855,0,61,46,1,-1,-1,-1
1875,255,856,0,62,47,1,-1,-1,-1
1876,255,856,0,62,49,1,-1,-1,-1
1877,255,857,0,63,50,1,-1,-1,-1
1878,255,858,0,63,51,1,-1,-1,-1
1879,255,858,0,64,53,1,-1,-1,-1
1880,255,859,0,64,54,1,-1,-1,-1
1881,255,860,1,64,54,1,-1,-1,-1
1882,255,861,2,64,55,1,-1,-1,-1
1883,255,863,3,65,55,1,-1,-1,-1
1884,255,864,4,65,56,1,-1,-1,-1
1885,255,865,5,65,56,1,-1,-1,-1
1886,255,866,5,65,57,1,-1,-1,-1
1887,255,867,6,66,57,1,-1,-1,-1
1888,255,868,7,66,57,1,-1,-1,-1
1889,255,870,8,66,58,1,-1,-1,-1
1890,255,871,9,66,58,1,-1,-1,-1
1891,255,872,10,66,59,1,-1,-1,-1
1892,255,873,11,67,59,1,-1,-1,-1
1893,255,874,12,67,60,1,-1,-1,-1
1894,255,875,13,67,60,1,-1,-1,-1
1895,255,877,14,67,61,1,-1,-1,-1
1896,255,878,15,67,61,1,-1,-1,-1
1897,255,879,16,68,61,1,-1,-1,-1
1898,255,880,16,68,62,1,-1,-1,-1
1899,255,881,17,68,62,1,-1,-1,-1
1900,255,882,18,68,63,1,-1,-1,-1
1901,255,884,19,69,63,1,-1,-1,-1
1902,255,885,20,69,64,1,-1,-1,-1
1903,255,886,21,69,64,1,-1,-1,-1
1904,255,887,22,70,64,1,-1,-1,-1
1905,255,887,23,70,64,1,-1,-1,-1
1906,255,888,24,71,64,1,-1,-1,-1
1907,255,889,26,71,65,1,-1,-1,-1
1908,255,889,27,72,65,1,-1,-1,-1
1909,255,890,28,72,65,1,-1,-1,-1
1910,255,891,29,73,65,1,-1,-1,-1
1911,255,891,30,73,65,1,-1,-1,-1
1912,255,892,31,74,65,1,-1,-1,-1
1913,255,893,33,74,66,1,-1,-1,-1
1914,255,893,34,75,66,1,-1,-1,-1
1915,255,894,35,75,66,1,-1,-1,-1
1916,255,894,36,76,66,1,-1,-1,-1
1917,255,895,37,76,66,1,-1,-1,-1
1918,255,896,38,77,66,1,-1,-1,-1
1919,255,896,39,77,66,1,-1,-1,-1
1920,255,897,41,78,67,1,-1,-1,-1
1921,255,898,42,78,67,1,-1,-1,-1
1922,255,898,43,79,67,1,-1,-1,-1
1923,255,899,44,79,67,1,-1,-1,-1
1924,255,900,45,79,67,1,-1,-1,-1
1925,255,900,46,79,67,1,-1,-1,-1
1926,255,901,47,79,67,1,-1,-1,-1
1927,255,901,48,79,67,1,-1,-1,-1
1928,255,902,48,80,67,1,-1,-1,-1
1929,255,902,49,80,67,1,-1,-1,-1
1930,255,903,50,80,67,1,-1,-1,-1
1931,255,904,51,80,67,1,-1,-1,-1
1932,255,904,52,80,67,1,-1,-1,-1
1933,255,905,53,80,68,1,-1,-1,-1
1934,255,905,54,80,68,1,-1,-1,-1
1935,255,906,55,80,68,1,-1,-1,-1
1936,255,907,56,80,68,1,-1,-1,-1
1937,255,907,57,80,68,1,-1,-1,-1
1938,255,908,57,81,68,1,-1,-1,-1
1939,255,908,58,81,68,1,-1,-1,-1
1940,255,909,59,81,68,1,-1,-1,-1
1941,255,909,60,81,68,1,-1,-1,-1
1942,255,910,61,81,68,1,-1,-1,-1
1943,255,911,62,81,68,1,-1,-1,-1
1944,255,911,62,81,68,1,-1,-1,-1
1945,255,912,63,81,68,1,-1,-1,-1
1946,255,912,63,81,68,1,-1,-1,-1
1947,255,913,64,80,68,1,-1,-1,-1
1948,255,913,64,80,68,1,-1,-1,-1
1949,255,914,65,80,68,1,-1,-1,-1
1950,255,915,66,80,69,1,-1,-1,-1
1951,255,915,66,80,69,1,-1,-1,-1
1952,255,916,67,80,69,1,-1,-1,-1
1953,255,916,67,80,69,1,-1,-1,-1
1954,255,917,68,80,69,1,-1,-1,-1
1955,255,917,68,79,69,1,-1,-1,-1
1956,255,918,69,79,69,1,-1,-1,-1
1957,255,918,69,79,69,1,-1,-1,-1
1958,255,919,70,79,69,1,-1,-1,-1
1959,255,919,71,79,69,1,-1,-1,-1
1960,255,919,71,80,69,1,-1,-1,-1
1961,255,919,72,80,69,1,-1,-1,-1
1962,255,920,72,80,69,1,-1,-1,-1
1963,255,920,73,81,69,1,-1,-1,-1
1964,255,920,73,81,69,1,-1,-1,-1
1965,255,920,74,81,69,1,-1,-1,-1
1966,255,920,74,82,70,1,-1,-1,-1
1967,255,920,75,82,70,1,-1,-1,-1
1968,255,920,75,82,70,1,-1,-1,-1
1969,255,920,76,83,70,1,-1,-1,-1
1970,255,921,76,83,70,1,-1,-1,-1
1971,255,921,77,83,70,1,-1,-1,-1
1972,255,921,77,84,70,1,-1,-1,-1
1973,255,921,78,84,70,1,-1,-1,-1
1974,255,921,79,84,70,1,-1,-1,-1
1975,255,922,79,84,70,1,-1,-1,-1
1976,255,922,80,84,70,1,-1,-1,-1
1977,255,923,81,84,70,1,-1,-1,-1
1978,255,923,81,84,70,1,-1,-1,-1
1979,255,923,82,84,70,1,-1,-1,-1
1980,255,924,82,84,70,1,-1,-1,-1
1981,255,924,83,84,70,1,-1,-1,-1
1982,255,924,84,84,69,1,-1,-1,-1
1983,255,925,84,84,69,1,-1,-1,-1
1984,255,925,85,84,69,1,-1,-1,-1
1985,255,926,86,84,69,1,-1,-1,-1
1986,255,926,86,84,69,1,-1,-1,-1
1987,255,926,87,84,69,1,-1,-1,-1
1988,255,927,87,84,69,1,-1,-1,-1
1989,255,927,88,84,69,1,-1,-1,-1
1990,255,927,88,84,69,1,-1,-1,-1
1991,255,927,88,84,69,1,-1,-1,-1
1992,255,926,89,84,70,1,-1,-1,-1
1993,255,926,89,85,70,1,-1,-1,-1
1994,255,926,89,85,70,1,-1,-1,-1
1995,255,926,89,85,70,1,-1,-1,-1
1996,255,926,89,85,70,1,-1,-1,-1
1997,255,925,90,85,71,1,-1,-1,-1
1998,255,925,90,85,71,1,-1,-1,-1
1999,255,925,90,86,71,1,-1,-1,-1
2000,255,925,90,86,71,1,-1,-1,-1
2001,255,925,90,86,71,1,-1,-1,-1
2002,255,924,91,86,72,1,-1,-1,-1
2003,255,924,91,86,72,1,-1,-1,-1
2003,257,862,0,71,54,1,-1,-1,-1
2004,255,924,91,86,72,1,-1,-1,-1
2004,257,863,0,72,55,1,-1,-1,-1
2005,255,924,91,86,72,1,-1,-1,-1
2005,257,864,0,72,57,1,-1,-1,-1
2006,255,924,91,87,72,1,-1,-1,-1
2006,257,865,0,73,58,1,-1,-1,-1
2007,255,923,92,87,73,1,-1,-1,-1
2007,257,866,1,73,59,1,-1,-1,-1
2008,255,923,92,87,73,1,-1,-1,-1
2008,257,867,2,73,59,1,-1,-1,-1
2009,255,923,92,87,73,1,-1,-1,-1
2009,257,868,3,73,60,1,-1,-1,-1
2010,255,923,92,87,73,1,-1,-1,-1
2010,257,869,4,73,60,1,-1,-1,-1
2011,255,922,93,88,74,1,-1,-1,-1
2011,257,870,5,73,61,1,-1,-1,-1
2012,255,922,93,88,74,1,-1,-1,-1
2012,257,871,6,73,61,1,-1,-1,-1
2013,255,921,94,88,74,1,-1,-1,-1
2013,257,872,6,72,62,1,-1,-1,-1
2014,255,921,94,89,74,1,-1,-1,-1
2014,257,873,7,72,62,1,-1,-1,-1
2015,255,920,94,89,75,1,-1,-1,-1
2015,257,874,8,72,63,1,-1,-1,-1
2016,255,920,95,89,75,1,-1,-1,-1
2016,257,875,9,72,63,1,-1,-1,-1
2017,255,920,95,90,75,1,-1,-1,-1
2017,257,876,10,72,64,1,-1,-1,-1
2018,255,919,95,90,76,1,-1,-1,-1
2018,257,877,11,72,64,1,-1,-1,-1
2019,255,919,96,90,76,1,-1,-1,-1
2019,257,878,12,72,65,1,-1,-1,-1
2020,255,918,96,91,76,1,-1,-1,-1
2020,257,879,13,72,65,1,-1,-1,-1
2021,255,918,97,91,76,1,-1,-1,-1
2021,257,880,14,73,66,1,-1,-1,-1
2022,255,917,97,91,77,1,-1,-1,-1
2022,257,880,15,73,66,1,-1,-1,-1
2023,255,917,97,92,77,1,-1,-1,-1
2023,257,881,16,74,66,1,-1,-1,-1
2024,255,917,98,92,77,1,-1,-1,-1
2024,257,882,17,74,67,1,-1,-1,-1
2025,255,916,98,92,78,1,-1,-1,-1
2025,257,883,18,74,67,1,-1,-1,-1
2026,255,916,98,93,78,1,-1,-1,-1
2026,257,883,19,75,67,1,-1,-1,-1
2027,255,915,99,93,78,1,-1,-1,-1
2027,257,884,20,75,67,1,-1,-1,-1
2028,255,915,99,93,78,1,-1,-1,-1
2028,257,885,21,75,68,1,-1,-1,-1
2029,255,914,100,94,79,1,-1,-1,-1
2029,257,886,22,76,68,1,-1,-1,-1
2030,255,914,100,94,79,1,-1,-1,-1
2030,257,886,23,76,68,1,-1,-1,-1
2031,255,914,101,94,79,1,-1,-1,-1
2031,257,887,24,77,69,1,-1,-1,-1
2032,255,913,102,95,79,1,-1,-1,-1
2032,257,888,25,77,69,1,-1,-1,-1
2033,255,913,102,95,80,1,-1,-1,-1
2033,257,889,26,77,69,1,-1,-1,-1
2034,255,913,103,95,80,1,-1,-1,-1
2034,257,890,27,78,70,1,-1,-1,-1
2035,255,913,104,96,80,1,-1,-1,-1
2035,257,890,28,78,70,1,-1,-1,-1
2036,255,912,105,96,80,1,-1,-1,-1
2036,257,891,29,79,70,1,-1,-1,-1
2037,255,912,105,96,80,1,-1,-1,-1
2037,257,892,30,79,71,1,-1,-1,-1
2038,255,912,106,96,81,1,-1,-1,-1
2038,257,893,31,79,71,1,-1,-1,-1
2039,255,911,107,97,81,1,-1,-1,-1
2039,257,893,32,80,71,1,-1,-1,-1
2040,255,911,108,97,81,1,-1,-1,-1
2040,257,894,33,80,71,1,-1,-1,-1
2041,255,911,108,97,81,1,-1,-1,-1
2041,257,895,34,80,72,1,-1,-1,-1
2042,255,910,109,98,81,1,-1,-1,-1
2042,257,896,35,81,72,1,-1,-1,-1
2043,255,910,110,98,82,1,-1,-1,-1
2043,257,896,36,81,72,1,-1,-1,-1
2044,255,910,111,98,82,1,-1,-1,-1
2044,257,897,37,82,73,1,-1,-1,-1
2045,255,910,111,99,82,1,-1,-1,-1
2045,257,898,38,82,73,1,-1,-1,-1
2046,255,909,112,99,82,1,-1,-1,-1
2046,257,899,39,82,73,1,-1,-1,-1
2047,255,909,113,99,82,1,-1,-1,-1
2047,257,899,39,82,73,1,-1,-1,-1
2048,255,909,114,99,83,1,-1,-1,-1
2048,257,900,40,82,73,1,-1,-1,-1
2049,255,908,114,100,83,1,-1,-1,-1
2049,257,900,41,82,73,1,-1,-1,-1
2050,255,908,115,100,83,1,-1,-1,-1
2050,257,901,42,82,73,1,-1,-1,-1
2051,255,907,116,102,84,1,-1,-1,-1
2051,257,901,42,82,74,1,-1,-1,-1
2052,255,905,117,104,86,1,-1,-1,-1
2052,257,902,43,82,74,1,-1,-1,-1
2053,255,904,117,106,87,1,-1,-1,-1
2053,257,903,44,83,74,1,-1,-1,-1
2054,255,902,118,108,88,1,-1,-1,-1
2054,257,903,45,83,74,1,-1,-1,-1
2055,255,901,119,110,89,1,-1,-1,-1
2055,257,904,45,83,74,1,-1,-1,-1
2056,255,900,120,112,91,1,-1,-1,-1
2056,257,904,46,83,74,1,-1,-1,-1
2057,255,898,120,113,92,1,-1,-1,-1
2057,257,905,47,83,74,1,-1,-1,-1
2058,255,897,121,115,93,1,-1,-1,-1
2058,257,906,48,83,74,1,-1,-1,-1
2059,255,895,122,117,94,1,-1,-1,-1
2059,257,906,48,83,74,1,-1,-1,-1
2060,255,894,123,119,96,1,-1,-1,-1
2060,257,907,49,83,74,1,-1,-1,-1
2061,255,892,123,121,97,1,-1,-1,-1
2061,257,907,50,83,75,1,-1,-1,-1
2062,255,891,124,123,98,1,-1,-1,-1
2062,257,908,51,83,75,1,-1,-1,-1
2063,255,890,123,123,99,1,-1,-1,-1
2063,257,908,51,83,75,1,-1,-1,-1
2064,255,887,123,124,100,1,-1,-1,-1
2064,257,909,52,83,75,1,-1,-1,-1
2065,255,884,123,125,102,1,-1,-1,-1
2065,257,910,53,83,75,1,-1,-1,-1
2066,255,883,123,127,105,1,-1,-1,-1
2066,257,910,54,83,75,1,-1,-1,-1
2067,255,883,123,127,105,1,-1,-1,-1
2067,257,911,54,83,75,1,-1,-1,-1
2068,255,882,124,127,106,1,-1,-1,-1
2068,257,911,55,83,75,1,-1,-1,-1
2069,255,880,125,128,107,1,-1,-1,-1
2069,257,912,56,84,75,1,-1,-1,-1
2070,255,879,127,129,108,1,-1,-1,-1
2070,257,913,57,84,75,1,-1,-1,-1
2071,255,878,128,129,109,1,-1,-1,-1
2071,257,913,57,84,76,1,-1,-1,-1
2072,255,879,128,129,111,1,-1,-1,-1
2072,257,914,58,84,76,1,-1,-1,-1
2073,255,879,129,129,113,1,-1,-1,-1
2073,257,914,59,84,76,1,-1,-1,-1
2074,255,879,129,129,113,1,-1,-1,-1
2074,257,915,60,84,76,1,-1,-1,-1
2075,255,878,129,129,114,1,-1,-1,-1
2075,257,915,60,84,76,1,-1,-1,-1
2076,254,1242,702,483,378,1,-1,-1,-1
2076,255,877,130,130,114,1,-1,-1,-1
2076,257,916,61,84,76,1,-1,-1,-1
2077,254,1242,689,489,391,1,-1,-1,-1
2077,255,876,131,130,113,1,-1,-1,-1
2077,257,916,61,84,76,1,-1,-1,-1
2078,254,1242,675,495,405,1,-1,-1,-1
2078,255,875,130,138,119,1,-1,-1,-1
2078,257,916,61,84,76,1,-1,-1,-1
2079,254,1242,662,501,418,1,-1,-1,-1
2079,255,875,133,138,117,1,-1,-1,-1
2079,257,916,62,85,76,1,-1,-1,-1
2080,254,1250,645,488,435,1,-1,-1,-1
2080,255,876,133,136,118,1,-1,-1,-1
2080,257,916,62,85,76,1,-1,-1,-1
2081,254,1256,628,476,440,1,-1,-1,-1
2081,255,876,135,135,118,1,-1,-1,-1
2081,257,917,62,85,76,1,-1,-1,-1
2082,254,1260,617,470,440,1,-1,-1,-1
2082,255,876,137,135,118,1,-1,-1,-1
2082,257,917,62,85,76,1,-1,-1,-1
2083,254,1260,609,464,432,1,-1,-1,-1
2083,255,876,140,134,117,1,-1,-1,-1
2083,257,917,63,86,76,1,-1,-1,-1
2084,254,1256,602,465,420,1,-1,-1,-1
2084,255,875,142,134,116,1,-1,-1,-1
2084,257,917,63,86,76,1,-1,-1,-1
2085,254,1233,596,469,400,1,-1,-1,-1
2085,255,874,143,134,116,1,-1,-1,-1
2085,257,917,63,86,77,1,-1,-1,-1
2086,254,1235,590,461,385,1,-1,-1,-1
2086,255,873,144,134,117,1,-1,-1,-1
2086,257,917,63,86,77,1,-1,-1,-1
2087,254,1230,588,464,371,1,-1,-1,-1
2087,255,872,142,134,120,1,-1,-1,-1
2087,257,917,63,86,77,1,-1,-1,-1
2088,254,1236,564,443,373,1,-1,-1,-1
2088,255,871,141,134,122,1,-1,-1,-1
2088,257,917,64,87,77,1,-1,-1,-1
2089,254,1234,560,436,372,1,-1,-1,-1
2089,255,873,145,131,131,1,-1,-1,-1
2089,257,917,64,87,77,1,-1,-1,-1
2090,254,1244,552,403,350,1,-1,-1,-1
2090,255,872,145,130,131,1,-1,-1,-1
2090,257,918,64,87,77,1,-1,-1,-1
2091,254,1239,539,399,354,1,-1,-1,-1
2091,255,871,146,130,133,1,-1,-1,-1
2091,257,918,64,87,77,1,-1,-1,-1
2092,254,1234,522,398,364,1,-1,-1,-1
2092,255,871,147,130,132,1,-1,-1,-1
2092,257,918,65,88,77,1,-1,-1,-1
2093,254,1230,513,397,367,1,-1,-1,-1
2093,255,871,148,130,132,1,-1,-1,-1
2093,257,918,65,88,77,1,-1,-1,-1
2094,254,1229,500,385,347,1,-1,-1,-1
2094,255,870,149,130,131,1,-1,-1,-1
2094,257,918,65,88,77,1,-1,-1,-1
2095,254,1225,488,381,349,1,-1,-1,-1
2095,255,869,152,131,130,1,-1,-1,-1
2095,257,919,66,88,77,1,-1,-1,-1
2096,254,1196,471,397,353,1,-1,-1,-1
2096,255,867,153,133,130,1,-1,-1,-1
2096,257,920,67,88,77,1,-1,-1,-1
2097,254,1199,459,383,355,1,-1,-1,-1
2097,255,866,156,135,128,1,-1,-1,-1
2097,257,920,67,88,77,1,-1,-1,-1
2098,254,1201,454,371,349,1,-1,-1,-1
2098,255,865,157,136,128,1,-1,-1,-1
2098,257,921,68,88,77,1,-1,-1,-1
2099,254,1201,455,362,333,1,-1,-1,-1
2099,255,863,159,138,127,1,-1,-1,-1
2099,257,922,69,88,77,1,-1,-1,-1
2100,254,1190,438,364,332,1,-1,-1,-1
2100,255,861,162,141,127,1,-1,-1,-1
2100,257,923,70,88,77,1,-1,-1,-1
2101,254,1189,436,355,326,1,-1,-1,-1
2101,255,860,165,142,127,1,-1,-1,-1
2101,257,923,70,88,77,1,-1,-1,-1
2102,254,1184,432,352,317,1,-1,-1,-1
2102,255,858,168,144,127,1,-1,-1,-1
2102,257,924,71,88,77,1,-1,-1,-1
2103,254,1184,425,345,309,1,-1,-1,-1
2103,255,857,170,144,127,1,-1,-1,-1
2103,257,925,72,88,76,1,-1,-1,-1
2104,254,1182,414,341,311,1,-1,-1,-1
2104,255,855,172,149,128,1,-1,-1,-1
2104,257,926,73,88,76,1,-1,-1,-1
2105,254,1181,403,334,315,1,-1,-1,-1
2105,255,853,174,150,127,1,-1,-1,-1
2105,257,926,73,88,76,1,-1,-1,-1
2106,254,1176,397,332,312,1,-1,-1,-1
2106,255,852,176,152,124,1,-1,-1,-1
2106,257,927,74,88,76,1,-1,-1,-1
2107,254,1152,398,342,298,1,-1,-1,-1
2107,255,852,177,152,124,1,-1,-1,-1
2107,257,928,75,88,76,1,-1,-1,-1
2108,254,1155,399,337,292,1,-1,-1,-1
2108,255,852,181,151,134,1,-1,-1,-1
2108,257,929,76,88,76,1,-1,-1,-1
2109,254,1162,381,318,292,1,-1,-1,-1
2109,255,852,180,151,138,1,-1,-1,-1
2109,257,929,76,88,76,1,-1,-1,-1
2110,254,1160,378,314,285,1,-1,-1,-1
2110,255,853,183,150,135,1,-1,-1,-1
2110,257,930,77,88,76,1,-1,-1,-1
2111,254,1160,372,308,278,1,-1,-1,-1
2111,255,852,186,150,135,1,-1,-1,-1
2111,257,931,78,88,76,1,-1,-1,-1
2112,254,1157,370,304,273,1,-1,-1,-1
2112,255,850,191,154,131,1,-1,-1,-1
2112,257,931,78,88,76,1,-1,-1,-1
2113,254,1158,365,297,272,1,-1,-1,-1
2113,255,849,192,156,133,1,-1,-1,-1
2113,257,931,79,89,77,1,-1,-1,-1
2114,254,1156,358,293,274,1,-1,-1,-1
2114,255,848,195,161,134,1,-1,-1,-1
2114,257,931,79,89,77,1,-1,-1,-1
2115,254,1154,347,288,278,1,-1,-1,-1
2115,255,847,197,163,138,1,-1,-1,-1
2115,257,931,79,90,77,1,-1,-1,-1
2116,254,1152,338,286,282,1,-1,-1,-1
2116,255,845,200,166,138,1,-1,-1,-1
2116,257,931,80,90,77,1,-1,-1,-1
2117,254,1151,335,282,276,1,-1,-1,-1
2117,255,845,200,169,141,1,-1,-1,-1
2117,257,931,80,91,78,1,-1,-1,-1
2118,254,1140,324,288,268,1,-1,-1,-1
2118,255,846,202,171,143,1,-1,-1,-1
2118,257,931,80,91,78,1,-1,-1,-1
2119,254,1140,324,279,260,1,-1,-1,-1
2119,255,846,204,171,141,1,-1,-1,-1
2119,257,931,81,92,78,1,-1,-1,-1
2120,254,1141,323,270,252,1,-1,-1,-1
2120,255,847,207,171,136,1,-1,-1,-1
2120,257,931,81,92,78,1,-1,-1,-1
2121,254,1141,321,263,244,1,-1,-1,-1
2121,255,846,217,172,139,1,-1,-1,-1
2121,257,932,82,93,79,1,-1,-1,-1
2122,254,1139,316,257,242,1,-1,-1,-1
2122,255,846,215,176,144,1,-1,-1,-1
2122,257,932,82,93,79,1,-1,-1,-1
2123,254,1137,312,254,239,1,-1,-1,-1
2123,255,844,215,179,149,1,-1,-1,-1
2123,257,932,82,93,79,1,-1,-1,-1
2124,254,1138,305,251,240,1,-1,-1,-1
2124,255,844,218,182,151,1,-1,-1,-1
2124,257,932,83,94,79,1,-1,-1,-1
2125,254,1138,303,246,238,1,-1,-1,-1
2125,255,844,220,180,156,1,-1,-1,-1
2125,257,932,83,94,80,1,-1,-1,-1
2126,254,1127,299,249,233,1,-1,-1,-1
2126,255,844,221,180,162,1,-1,-1,-1
2126,257,932,83,95,80,1,-1,-1,-1
2127,254,1129,297,244,231,1,-1,-1,-1
2127,255,842,222,182,166,1,-1,-1,-1
2127,257,932,84,95,80,1,-1,-1,-1
2128,254,1127,292,243,228,1,-1,-1,-1
2128,255,839,226,185,166,1,-1,-1,-1
2128,257,932,84,96,80,1,-1,-1,-1
2129,254,1121,289,246,223,1,-1,-1,-1
2129,255,837,231,187,163,1,-1,-1,-1
2129,257,932,84,96,81,1,-1,-1,-1
2130,254,1115,287,246,220,1,-1,-1,-1
2130,255,832,238,195,167,1,-1,-1,-1
2130,257,932,85,97,81,1,-1,-1,-1
2131,254,1105,270,245,232,1,-1,-1,-1
2131,255,831,237,196,172,1,-1,-1,-1
2131,257,932,85,97,81,1,-1,-1,-1
2132,254,1102,269,242,229,1,-1,-1,-1
2132,255,830,240,196,174,1,-1,-1,-1
2132,257,932,85,97,81,1,-1,-1,-1
2133,254,1097,267,240,226,1,-1,-1,-1
2133,255,830,243,194,176,1,-1,-1,-1
2133,257,931,86,97,82,1,-1,-1,-1
2134,254,1094,265,237,222,1,-1,-1,-1
2134,255,830,247,190,180,1,-1,-1,-1
2134,257,931,86,97,82,1,-1,-1,-1
2135,254,1090,261,234,221,1,-1,-1,-1
2135,255,830,250,190,185,1,-1,-1,-1
2135,257,931,87,98,83,1,-1,-1,-1
2136,254,1085,256,232,220,1,-1,-1,-1
2136,255,824,255,188,186,1,-1,-1,-1
2136,257,931,87,98,83,1,-1,-1,-1
2137,254,1082,251,229,219,1,-1,-1,-1
2137,255,821,257,191,186,1,-1,-1,-1
2137,257,930,88,98,83,1,-1,-1,-1
2138,254,1079,248,226,218,1,-1,-1,-1
2138,255,818,269,199,179,1,-1,-1,-1
2138,257,930,88,98,84,1,-1,-1,-1
2139,254,1078,246,221,215,1,-1,-1,-1
2139,255,817,272,198,182,1,-1,-1,-1
2139,257,930,89,98,84,1,-1,-1,-1
2140,254,1077,245,220,210,1,-1,-1,-1
2140,255,816,276,197,183,1,-1,-1,-1
2140,257,929,89,98,85,1,-1,-1,-1
2141,254,1066,238,240,202,1,-1,-1,-1
2141,255,811,281,201,186,1,-1,-1,-1
2141,257,929,90,99,85,1,-1,-1,-1
2142,254,1065,234,238,204,1,-1,-1,-1
2142,255,805,287,209,186,1,-1,-1,-1
2142,257,929,90,99,85,1,-1,-1,-1
2143,254,1064,234,229,201,1,-1,-1,-1
2143,255,798,293,216,183,1,-1,-1,-1
2143,257,928,90,99,86,1,-1,-1,-1
2144,254,1066,233,220,195,1,-1,-1,-1
2144,255,791,302,227,189,1,-1,-1,-1
2144,257,928,91,99,86,1,-1,-1,-1
2145,254,1066,232,213,190,1,-1,-1,-1
2145,255,784,304,232,197,1,-1,-1,-1
2145,257,928,91,99,87,1,-1,-1,-1
2146,254,1063,232,212,186,1,-1,-1,-1
2146,255,776,310,243,199,1,-1,-1,-1
2146,257,928,92,99,87,1,-1,-1,-1
2147,254,1058,229,211,187,1,-1,-1,-1
2147,255,770,317,248,198,1,-1,-1,-1
2147,257,927,92,99,87,1,-1,-1,-1
2148,254,1053,216,212,190,1,-1,-1,-1
2148,255,777,323,229,205,1,-1,-1,-1
2148,257,927,93,100,88,1,-1,-1,-1
2149,254,1050,211,212,195,1,-1,-1,-1
2149,255,763,329,238,202,1,-1,-1,-1
2149,257,927,93,100,88,1,-1,-1,-1
2150,254,1050,209,209,195,1,-1,-1,-1
2150,255,759,334,245,205,1,-1,-1,-1
2150,257,926,94,100,89,1,-1,-1,-1
2151,254,1048,205,208,196,1,-1,-1,-1
2151,255,756,339,249,209,1,-1,-1,-1
2151,257,926,94,100,89,1,-1,-1,-1
2152,254,1048,202,204,194,1,-1,-1,-1
2152,255,752,344,252,212,1,-1,-1,-1
2152,257,925,95,101,90,1,-1,-1,-1
2153,254,1047,197,202,195,1,-1,-1,-1
2153,255,749,348,250,218,1,-1,-1,-1
2153,257,924,95,102,91,1,-1,-1,-1
2154,254,1049,196,197,193,1,-1,-1,-1
2154,255,743,364,257,212,1,-1,-1,-1
2154,257,922,96,104,91,1,-1,-1,-1
2155,254,1047,203,190,176,1,-1,-1,-1
2155,255,736,365,263,221,1,-1,-1,-1
2155,257,921,97,105,92,1,-1,-1,-1
2156,254,1047,200,189,177,1,-1,-1,-1
2156,255,729,369,267,229,1,-1,-1,-1
2156,257,920,98,106,93,1,-1,-1,-1
2157,254,1045,200,191,174,1,-1,-1,-1
2157,255,721,374,271,235,1,-1,-1,-1
2157,257,919,98,107,94,1,-1,-1,-1
2158,254,1045,198,190,174,1,-1,-1,-1
2158,255,712,383,274,238,1,-1,-1,-1
2158,257,917,99,108,94,1,-1,-1,-1
2159,254,1045,199,189,171,1,-1,-1,-1
2159,255,703,392,276,239,1,-1,-1,-1
2159,257,916,100,110,95,1,-1,-1,-1
2160,254,1047,185,184,180,1,-1,-1,-1
2160,255,694,401,281,241,1,-1,-1,-1
2160,257,915,100,111,96,1,-1,-1,-1
2161,254,1048,184,183,180,1,-1,-1,-1
2161,255,686,404,285,249,1,-1,-1,-1
2161,257,914,101,112,97,1,-1,-1,-1
2162,254,1049,183,182,178,1,-1,-1,-1
2162,255,675,430,294,238,1,-1,-1,-1
2162,257,912,102,113,97,1,-1,-1,-1
2163,254,1050,182,179,176,1,-1,-1,-1
2163,255,670,437,295,240,1,-1,-1,-1
2163,257,911,103,114,98,1,-1,-1,-1
2164,254,1049,179,180,172,1,-1,-1,-1
2164,255,661,451,290,234,1,-1,-1,-1
2164,257,910,103,115,99,1,-1,-1,-1
2165,254,1051,177,179,172,1,-1,-1,-1
2165,255,649,459,299,239,1,-1,-1,-1
2165,257,909,104,117,100,1,-1,-1,-1
2166,254,1052,176,179,167,1,-1,-1,-1
2166,255,632,466,314,243,1,-1,-1,-1
2166,257,907,105,118,100,1,-1,-1,-1
2167,254,1052,174,178,166,1,-1,-1,-1
2167,255,613,470,326,254,1,-1,-1,-1
2167,257,906,105,119,101,1,-1,-1,-1
2168,254,1058,171,177,167,1,-1,-1,-1
2168,255,597,471,333,267,1,-1,-1,-1
2168,257,905,106,120,102,1,-1,-1,-1
2169,254,1059,171,177,165,1,-1,-1,-1
2169,255,581,489,342,275,1,-1,-1,-1
2169,257,904,107,121,103,1,-1,-1,-1
2170,254,1060,170,175,163,1,-1,-1,-1
2170,255,573,496,344,278,1,-1,-1,-1
2170,257,902,108,123,103,1,-1,-1,-1
2171,254,1060,169,176,161,1,-1,-1,-1
2171,255,554,510,342,279,1,-1,-1,-1
2171,257,901,108,124,104,1,-1,-1,-1
2172,254,1061,169,175,158,1,-1,-1,-1
2172,255,534,518,358,292,1,-1,-1,-1
2172,257,900,109,125,105,1,-1,-1,-1
2173,254,1062,169,176,158,1,-1,-1,-1
2173,255,512,523,372,301,1,-1,-1,-1
2173,257,900,113,125,102,1,-1,-1,-1
2174,254,1067,158,175,164,1,-1,-1,-1
2174,255,497,545,372,315,1,-1,-1,-1
2174,257,899,114,127,101,1,-1,-1,-1
2175,254,1070,158,174,163,1,-1,-1,-1
2175,255,466,561,383,323,1,-1,-1,-1
2175,257,890,113,134,107,1,-1,-1,-1
2176,254,1073,158,171,162,1,-1,-1,-1
2176,255,451,574,392,333,1,-1,-1,-1
2176,257,890,114,134,106,1,-1,-1,-1
2177,254,1075,157,171,161,1,-1,-1,-1
2177,255,429,605,396,331,1,-1,-1,-1
2177,257,890,115,134,106,1,-1,-1,-1
2178,254,1077,155,172,161,1,-1,-1,-1
2178,255,405,613,409,338,1,-1,-1,-1
2178,257,890,116,134,107,1,-1,-1,-1
2179,254,1078,153,171,160,1,-1,-1,-1
2179,255,368,636,419,337,1,-1,-1,-1
2179,257,889,116,134,108,1,-1,-1,-1
2180,254,1080,151,169,158,1,-1,-1,-1
2180,255,343,625,432,394,1,-1,-1,-1
2180,257,889,117,134,109,1,-1,-1,-1
2181,254,1081,150,167,156,1,-1,-1,-1
2181,255,306,645,449,400,1,-1,-1,-1
2181,257,889,118,133,110,1,-1,-1,-1
2182,254,1082,148,166,156,1,-1,-1,-1
2182,255,257,671,472,397,1,-1,-1,-1
2182,257,888,119,133,111,1,-1,-1,-1
2183,254,1082,145,167,155,1,-1,-1,-1
2183,255,212,687,509,393,1,-1,-1,-1
2183,257,888,119,133,112,1,-1,-1,-1
2184,254,1083,145,166,153,1,-1,-1,-1
2184,255,156,708,513,372,1,-1,-1,-1
2184,257,888,120,133,114,1,-1,-1,-1
2185,254,1084,146,166,150,1,-1,-1,-1
2185,255,123,751,495,329,1,-1,-1,-1
2185,257,887,121,133,115,1,-1,-1,-1
2186,254,1087,147,164,145,1,-1,-1,-1
2186,257,887,121,133,116,1,-1,-1,-1
2187,254,1090,149,161,142,1,-1,-1,-1
2187,257,886,122,133,117,1,-1,-1,-1
2188,254,1092,149,158,141,1,-1,-1,-1
2188,257,886,123,132,118,1,-1,-1,-1
2189,254,1094,148,156,139,1,-1,-1,-1
2189,257,886,124,132,119,1,-1,-1,-1
2190,254,1095,146,155,140,1,-1,-1,-1
2190,257,885,124,132,120,1,-1,-1,-1
2191,254,1097,145,153,139,1,-1,-1,-1
2191,257,885,125,132,121,1,-1,-1,-1
2192,254,1099,145,152,138,1,-1,-1,-1
2192,257,885,126,132,121,1,-1,-1,-1
2193,254,1101,145,150,136,1,-1,-1,-1
2193,257,883,127,134,121,1,-1,-1,-1
2194,254,1101,144,150,138,1,-1,-1,-1
2194,257,881,128,138,122,1,-1,-1,-1
2195,254,1102,143,147,138,1,-1,-1,-1
2195,257,879,129,141,123,1,-1,-1,-1
2196,254,1100,135,152,134,1,-1,-1,-1
2196,257,876,131,144,123,1,-1,-1,-1
2197,254,1102,135,151,134,1,-1,-1,-1
2197,257,874,132,144,125,1,-1,-1,-1
2198,254,1102,135,151,134,1,-1,-1,-1
2198,257,874,133,144,128,1,-1,-1,-1
2199,254,1102,134,151,134,1,-1,-1,-1
2199,257,875,134,143,127,1,-1,-1,-1
2200,254,1103,134,149,133,1,-1,-1,-1
2200,257,875,135,142,128,1,-1,-1,-1
2201,254,1104,133,146,133,1,-1,-1,-1
2201,257,875,135,142,127,1,-1,-1,-1
2202,254,1105,132,144,134,1,-1,-1,-1
2202,257,873,136,144,127,1,-1,-1,-1
2203,254,1108,132,143,133,1,-1,-1,-1
2203,257,873,137,147,125,1,-1,-1,-1
2204,254,1109,130,141,132,1,-1,-1,-1
2204,257,872,139,151,125,1,-1,-1,-1
2205,254,1109,130,141,130,1,-1,-1,-1
2205,257,876,144,145,132,1,-1,-1,-1
2206,254,1109,129,141,128,1,-1,-1,-1
2206,257,876,145,145,132,1,-1,-1,-1
2207,254,1109,128,141,128,1,-1,-1,-1
2207,257,877,146,146,130,1,-1,-1,-1
2208,254,1109,126,141,127,1,-1,-1,-1
2208,257,876,148,150,130,1,-1,-1,-1
2209,254,1110,124,140,127,1,-1,-1,-1
2209,257,876,149,153,130,1,-1,-1,-1
2210,254,1110,123,139,125,1,-1,-1,-1
2210,257,875,150,155,130,1,-1,-1,-1
2211,254,1110,121,138,127,1,-1,-1,-1
2211,257,877,151,153,130,1,-1,-1,-1
2212,254,1111,120,136,127,1,-1,-1,-1
2212,257,877,153,154,131,1,-1,-1,-1
2213,254,1111,119,135,128,1,-1,-1,-1
2213,257,876,154,157,132,1,-1,-1,-1
2214,254,1112,119,134,127,1,-1,-1,-1
2214,257,875,156,160,136,1,-1,-1,-1
2215,254,1112,118,133,125,1,-1,-1,-1
2215,257,875,157,162,138,1,-1,-1,-1
2216,254,1112,117,133,125,1,-1,-1,-1
2216,257,875,158,162,141,1,-1,-1,-1
2217,254,1113,116,132,125,1,-1,-1,-1
2217,257,874,161,165,141,1,-1,-1,-1
2218,254,1113,114,132,127,1,-1,-1,-1
2218,257,874,163,165,143,1,-1,-1,-1
2219,254,1113,113,132,128,1,-1,-1,-1
2219,257,872,163,167,145,1,-1,-1,-1
2220,254,1112,113,133,128,1,-1,-1,-1
2220,257,873,164,166,146,1,-1,-1,-1
2221,254,1112,113,134,128,1,-1,-1,-1
2221,257,873,166,167,145,1,-1,-1,-1
2222,254,1113,112,132,129,1,-1,-1,-1
2222,257,875,169,165,142,1,-1,-1,-1
2223,254,1113,111,130,129,1,-1,-1,-1
2223,257,872,171,171,152,1,-1,-1,-1
2224,254,1112,114,128,121,1,-1,-1,-1
2224,257,872,171,172,155,1,-1,-1,-1
2225,254,1112,115,127,120,1,-1,-1,-1
2225,257,873,174,183,154,1,-1,-1,-1
2226,254,1112,114,127,121,1,-1,-1,-1
2226,257,873,177,183,153,1,-1,-1,-1
2227,254,1107,112,129,111,1,-1,-1,-1
2227,257,874,178,184,155,1,-1,-1,-1
2228,254,1107,111,129,112,1,-1,-1,-1
2228,257,876,180,183,156,1,-1,-1,-1
2229,254,1107,109,128,114,1,-1,-1,-1
2229,257,877,181,183,160,1,-1,-1,-1
2230,254,1107,109,129,116,1,-1,-1,-1
2230,257,879,183,183,163,1,-1,-1,-1
2231,254,1107,108,130,117,1,-1,-1,-1
2231,257,881,186,182,165,1,-1,-1,-1
2232,254,1107,107,130,117,1,-1,-1,-1
2232,257,883,188,182,166,1,-1,-1,-1
2233,254,1107,107,129,116,1,-1,-1,-1
2233,257,883,193,184,165,1,-1,-1,-1
2234,254,1107,106,128,116,1,-1,-1,-1
2234,257,882,195,187,162,1,-1,-1,-1
2235,254,1107,105,128,116,1,-1,-1,-1
2235,257,878,205,194,160,1,-1,-1,-1
2236,254,1107,104,128,116,1,-1,-1,-1
2236,257,879,206,194,162,1,-1,-1,-1
2237,254,1108,104,128,114,1,-1,-1,-1
2237,257,882,208,191,164,1,-1,-1,-1
2238,254,1108,104,127,111,1,-1,-1,-1
2238,257,883,209,189,166,1,-1,-1,-1
2239,254,1108,103,127,109,1,-1,-1,-1
2239,257,884,211,190,168,1,-1,-1,-1
2240,254,1109,102,125,110,1,-1,-1,-1
2240,257,884,213,191,171,1,-1,-1,-1
2241,254,1109,101,125,110,1,-1,-1,-1
2241,257,884,215,193,175,1,-1,-1,-1
2242,254,1109,98,125,111,1,-1,-1,-1
2242,257,883,217,194,178,1,-1,-1,-1
2243,254,1108,96,125,112,1,-1,-1,-1
2243,257,882,219,198,182,1,-1,-1,-1
2244,254,1109,94,124,113,1,-1,-1,-1
2244,257,881,221,202,182,1,-1,-1,-1
2245,254,1110,94,123,113,1,-1,-1,-1
2245,257,875,228,210,188,1,-1,-1,-1
2246,254,1111,94,122,112,1,-1,-1,-1
2246,257,876,230,209,189,1,-1,-1,-1
2247,254,1112,93,122,111,1,-1,-1,-1
2247,257,876,234,208,189,1,-1,-1,-1
2248,254,1111,93,122,110,1,-1,-1,-1
2248,257,875,237,207,189,1,-1,-1,-1
2249,254,1111,93,122,111,1,-1,-1,-1
2249,257,871,239,210,194,1,-1,-1,-1
2250,254,1111,92,122,111,1,-1,-1,-1
2250,257,866,242,218,194,1,-1,-1,-1
2251,254,1111,91,122,112,1,-1,-1,-1
2251,257,861,249,227,188,1,-1,-1,-1
2252,254,1112,91,121,113,1,-1,-1,-1
2252,257,859,257,230,178,1,-1,-1,-1
2253,254,1112,91,120,112,1,-1,-1,-1
2253,257,849,263,242,194,1,-1,-1,-1
2254,254,1113,91,118,110,1,-1,-1,-1
2254,257,846,266,245,193,1,-1,-1,-1
2255,254,1113,91,117,109,1,-1,-1,-1
2255,257,859,263,219,215,1,-1,-1,-1
2256,254,1113,90,116,107,1,-1,-1,-1
2256,257,858,269,218,213,1,-1,-1,-1
2257,254,1114,90,114,106,1,-1,-1,-1
2257,257,856,273,220,216,1,-1,-1,-1
2258,254,1114,90,113,105,1,-1,-1,-1
2258,257,836,275,237,213,1,-1,-1,-1
2259,254,1114,90,112,103,1,-1,-1,-1
2259,257,847,297,232,204,1,-1,-1,-1
2260,254,1115,90,110,102,1,-1,-1,-1
2260,257,841,298,230,207,1,-1,-1,-1
2261,254,1115,90,109,100,1,-1,-1,-1
2261,257,835,299,238,215,1,-1,-1,-1
2262,254,1115,90,108,99,1,-1,-1,-1
2262,257,829,303,246,219,1,-1,-1,-1
2263,254,1116,90,106,98,1,-1,-1,-1
2263,257,821,308,254,223,1,-1,-1,-1
2264,254,1116,89,105,96,1,-1,-1,-1
2264,257,814,312,263,226,1,-1,-1,-1
2265,254,1116,89,104,95,1,-1,-1,-1
2265,257,808,315,267,230,1,-1,-1,-1
2266,254,1117,89,102,93,1,-1,-1,-1
2266,257,804,317,271,232,1,-1,-1,-1
2267,254,1117,89,101,92,1,-1,-1,-1
2267,257,799,322,273,238,1,-1,-1,-1
2268,254,1117,89,101,92,1,-1,-1,-1
2268,257,788,329,281,242,1,-1,-1,-1
2269,254,1117,89,101,92,1,-1,-1,-1
2269,257,779,333,287,249,1,-1,-1,-1
2270,254,1117,89,101,92,1,-1,-1,-1
2270,257,771,333,293,255,1,-1,-1,-1
2271,254,1117,89,101,92,1,-1,-1,-1
2271,257,770,349,295,252,1,-1,-1,-1
2272,254,1117,88,101,92,1,-1,-1,-1
2272,257,762,353,298,255,1,-1,-1,-1
2273,254,1117,88,101,91,1,-1,-1,-1
2273,257,755,361,300,255,1,-1,-1,-1
2274,254,1117,88,101,91,1,-1,-1,-1
2274,257,748,368,301,257,1,-1,-1,-1
2275,254,1117,88,101,91,1,-1,-1,-1
2275,257,744,376,301,259,1,-1,-1,-1
2276,254,1117,88,101,91,1,-1,-1,-1
2276,257,741,383,303,263,1,-1,-1,-1
2277,254,1117,88,101,91,1,-1,-1,-1
2277,257,727,389,307,267,1,-1,-1,-1
2278,254,1117,88,101,91,1,-1,-1,-1
2278,257,723,390,312,278,1,-1,-1,-1
2279,254,1117,88,101,91,1,-1,-1,-1
2279,257,710,406,331,282,1,-1,-1,-1
2280,254,1117,87,101,91,1,-1,-1,-1
2280,257,703,411,331,284,1,-1,-1,-1
2281,254,1117,87,101,91,1,-1,-1,-1
2281,257,695,420,336,282,1,-1,-1,-1
2282,254,1117,87,101,91,1,-1,-1,-1
2282,257,686,432,341,281,1,-1,-1,-1
2283,254,1118,87,101,91,1,-1,-1,-1
2283,257,677,441,347,287,1,-1,-1,-1
2284,254,1118,87,101,90,1,-1,-1,-1
2284,257,667,446,352,300,1,-1,-1,-1
2285,254,1118,87,101,90,1,-1,-1,-1
2285,257,656,449,358,314,1,-1,-1,-1
2286,254,1118,87,101,90,1,-1,-1,-1
2286,257,648,462,360,316,1,-1,-1,-1
2287,254,1118,87,101,90,1,-1,-1,-1
2287,257,635,466,374,317,1,-1,-1,-1
2288,254,1118,86,101,90,1,-1,-1,-1
2288,257,623,478,363,314,1,-1,-1,-1
2289,254,1118,86,101,90,1,-1,-1,-1
2289,257,617,488,365,325,1,-1,-1,-1
2290,254,1118,86,101,90,1,-1,-1,-1
2290,257,605,494,375,342,1,-1,-1,-1
2291,254,1118,86,101,90,1,-1,-1,-1
2291,257,593,508,381,339,1,-1,-1,-1
2292,254,1118,86,101,90,1,-1,-1,-1
2292,257,570,515,394,366,1,-1,-1,-1
2293,254,1118,86,101,90,1,-1,-1,-1
2293,257,551,528,408,365,1,-1,-1,-1
2294,254,1118,86,101,89,1,-1,-1,-1
2294,257,538,523,428,405,1,-1,-1,-1
2295,254,1118,86,101,89,1,-1,-1,-1
2295,257,510,553,439,378,1,-1,-1,-1
2296,254,1118,85,101,89,1,-1,-1,-1
2296,257,503,558,443,384,1,-1,-1,-1
2297,254,1118,85,101,89,1,-1,-1,-1
2297,257,490,573,439,417,1,-1,-1,-1
2298,254,1118,85,101,89,1,-1,-1,-1
2298,257,466,584,450,428,1,-1,-1,-1
2299,254,1118,85,101,89,1,-1,-1,-1
2299,257,432,599,466,437,1,-1,-1,-1
2300,254,1118,85,101,89,1,-1,-1,-1
2300,257,399,618,477,438,1,-1,-1,-1
2301,254,1117,84,101,89,1,-1,-1,-1
2301,257,370,636,492,436,1,-1,-1,-1
2302,254,1117,84,100,89,1,-1,-1,-1
2302,256,1246,762,447,318,1,-1,-1,-1
2302,257,349,652,510,428,1,-1,-1,-1
2303,254,1117,84,100,89,1,-1,-1,-1
2303,256,1260,747,427,333,1,-1,-1,-1
2303,257,307,678,514,402,1,-1,-1,-1
2304,254,1116,84,100,90,1,-1,-1,-1
2304,256,1217,715,501,365,1,-1,-1,-1
2304,257,265,704,518,376,1,-1,-1,-1
2305,254,1116,83,100,90,1,-1,-1,-1
2305,256,1252,694,471,381,1,-1,-1,-1
2306,254,1116,83,99,90,1,-1,-1,-1
2306,256,1255,676,468,384,1,-1,-1,-1
2307,254,1115,83,99,90,1,-1,-1,-1
2307,256,1235,666,462,374,1,-1,-1,-1
2308,254,1115,82,99,90,1,-1,-1,-1
2308,256,1234,650,459,373,1,-1,-1,-1
2309,254,1114,82,99,90,1,-1,-1,-1
2309,256,1231,632,459,371,1,-1,-1,-1
2310,254,1114,82,98,90,1,-1,-1,-1
2310,256,1249,632,425,336,1,-1,-1,-1
2311,254,1114,81,98,90,1,-1,-1,-1
2311,256,1246,618,420,336,1,-1,-1,-1
2312,254,1113,81,98,91,1,-1,-1,-1
2312,256,1241,606,418,338,1,-1,-1,-1
2313,254,1113,81,98,91,1,-1,-1,-1
2313,256,1239,595,413,344,1,-1,-1,-1
2314,254,1113,81,97,91,1,-1,-1,-1
2314,256,1237,586,408,325,1,-1,-1,-1
2315,254,1112,80,97,91,1,-1,-1,-1
2315,256,1237,578,398,317,1,-1,-1,-1
2316,254,1112,80,97,91,1,-1,-1,-1
2316,256,1233,562,394,316,1,-1,-1,-1
2317,254,1111,80,97,90,1,-1,-1,-1
2317,256,1228,547,389,316,1,-1,-1,-1
2318,254,1110,80,98,90,1,-1,-1,-1
2318,256,1226,538,383,317,1,-1,-1,-1
2319,254,1109,80,98,89,1,-1,-1,-1
2319,256,1214,516,393,323,1,-1,-1,-1
2320,254,1108,80,98,89,1,-1,-1,-1
2320,256,1222,514,375,312,1,-1,-1,-1
2321,254,1107,80,98,88,1,-1,-1,-1
2321,256,1208,510,367,290,1,-1,-1,-1
2322,254,1106,80,99,87,1,-1,-1,-1
2322,256,1208,503,362,284,1,-1,-1,-1
2323,254,1105,80,99,87,1,-1,-1,-1
2323,256,1202,498,360,275,1,-1,-1,-1
2324,254,1104,80,99,86,1,-1,-1,-1
2324,256,1197,492,356,270,1,-1,-1,-1
2325,254,1103,80,99,86,1,-1,-1,-1
2325,256,1190,486,353,270,1,-1,-1,-1
2326,254,1102,80,100,85,1,-1,-1,-1
2326,256,1182,462,352,277,1,-1,-1,-1
2327,254,1101,80,100,84,1,-1,-1,-1
2327,256,1179,457,345,273,1,-1,-1,-1
2328,254,1100,80,100,84,1,-1,-1,-1
2328,256,1176,450,340,268,1,-1,-1,-1
2329,254,1099,80,100,83,1,-1,-1,-1
2329,256,1176,445,332,263,1,-1,-1,-1
2330,254,1098,80,101,83,1,-1,-1,-1
2330,256,1174,442,328,254,1,-1,-1,-1
2331,254,1097,80,101,82,1,-1,-1,-1
2331,256,1153,437,339,241,1,-1,-1,-1
2332,254,1094,78,103,84,1,-1,-1,-1
2332,256,1173,436,285,229,1,-1,-1,-1
